-- ============================================================
-- Seed data generated from db2_15.accdb
-- Run after: npx prisma migrate dev
-- Usage: psql $DATABASE_URL -f seed.sql
-- ============================================================

-- Units
INSERT INTO units (id, name, "gramsPerUnit") VALUES (1, 'гр.', 1);
INSERT INTO units (id, name, "gramsPerUnit") VALUES (2, 'кг.', 1000);
INSERT INTO units (id, name, "gramsPerUnit") VALUES (3, 'шт.', null);
INSERT INTO units (id, name, "gramsPerUnit") VALUES (4, 'л.', 1000);

-- Processing types
INSERT INTO processing_types (id, name) VALUES (1, 'Варка');
INSERT INTO processing_types (id, name) VALUES (2, 'Жарка');
INSERT INTO processing_types (id, name) VALUES (3, 'Запекание');
INSERT INTO processing_types (id, name) VALUES (4, 'Нет обработки');

-- Ingredients
INSERT INTO ingredients (id, name, "unitId", "gramsPerUnit", "lossCold", "lossFry", "lossBoil", "lossBake") VALUES (1, 'Лук репчатый', 2, 1000.0, 0.84, 0.5, 0.5, 0.5);
INSERT INTO ingredients (id, name, "unitId", "gramsPerUnit", "lossCold", "lossFry", "lossBoil", "lossBake") VALUES (74, 'Паприка молотая', 1, 1.0, 1.0, 1.0, 1.0, 1.0);
INSERT INTO ingredients (id, name, "unitId", "gramsPerUnit", "lossCold", "lossFry", "lossBoil", "lossBake") VALUES (75, 'Ветчина', 2, 1000.0, 0.97, 0.9, 0.9, 0.9);
INSERT INTO ingredients (id, name, "unitId", "gramsPerUnit", "lossCold", "lossFry", "lossBoil", "lossBake") VALUES (76, 'Маслины без косточки', 1, 1.0, 1.0, 1.0, 1.0, 1.0);
INSERT INTO ingredients (id, name, "unitId", "gramsPerUnit", "lossCold", "lossFry", "lossBoil", "lossBake") VALUES (77, 'Оливки без косточки', 1, 1.0, 1.0, 1.0, 1.0, 1.0);
INSERT INTO ingredients (id, name, "unitId", "gramsPerUnit", "lossCold", "lossFry", "lossBoil", "lossBake") VALUES (78, 'Сыр моцарелла', 2, 1000.0, 0.97, 1.0, 1.0, 1.0);
INSERT INTO ingredients (id, name, "unitId", "gramsPerUnit", "lossCold", "lossFry", "lossBoil", "lossBake") VALUES (79, 'Кальмар филе', 2, 1000.0, 0.9, 0.6, 0.6, 0.6);
INSERT INTO ingredients (id, name, "unitId", "gramsPerUnit", "lossCold", "lossFry", "lossBoil", "lossBake") VALUES (80, 'Булгур', 2, 1000.0, 1.0, 1.0, 2.0, 1.0);
INSERT INTO ingredients (id, name, "unitId", "gramsPerUnit", "lossCold", "lossFry", "lossBoil", "lossBake") VALUES (81, 'Сельд слабосоленая филе', 2, 1000.0, 0.95, 1.0, 1.0, 1.0);
INSERT INTO ingredients (id, name, "unitId", "gramsPerUnit", "lossCold", "lossFry", "lossBoil", "lossBake") VALUES (2, 'Говядина мякоть', 2, 1000.0, 0.95, 0.65, 0.62, 0.6);
INSERT INTO ingredients (id, name, "unitId", "gramsPerUnit", "lossCold", "lossFry", "lossBoil", "lossBake") VALUES (3, 'Морковь', 2, 1000.0, 0.75, 0.7, 0.68, 0.7);
INSERT INTO ingredients (id, name, "unitId", "gramsPerUnit", "lossCold", "lossFry", "lossBoil", "lossBake") VALUES (4, 'Рис', 2, 1000.0, 1.0, 1.0, 2.8, 1.0);
INSERT INTO ingredients (id, name, "unitId", "gramsPerUnit", "lossCold", "lossFry", "lossBoil", "lossBake") VALUES (5, 'Растительное масло', 1, 1.0, 1.0, 0.8, 0.8, 0.8);
INSERT INTO ingredients (id, name, "unitId", "gramsPerUnit", "lossCold", "lossFry", "lossBoil", "lossBake") VALUES (8, 'Томат паста', 1, 1.0, 1.0, 0.75, 0.9, 0.75);
INSERT INTO ingredients (id, name, "unitId", "gramsPerUnit", "lossCold", "lossFry", "lossBoil", "lossBake") VALUES (9, 'Молоко', 4, 1029.0, 1.0, 0.85, 0.85, 0.7);
INSERT INTO ingredients (id, name, "unitId", "gramsPerUnit", "lossCold", "lossFry", "lossBoil", "lossBake") VALUES (11, 'Картофель', 2, 1000.0, 0.75, 0.7, 0.97, 0.8);
INSERT INTO ingredients (id, name, "unitId", "gramsPerUnit", "lossCold", "lossFry", "lossBoil", "lossBake") VALUES (12, 'Лимон', 1, 1.0, 1.0, 0.6, 0.6, 0.6);
INSERT INTO ingredients (id, name, "unitId", "gramsPerUnit", "lossCold", "lossFry", "lossBoil", "lossBake") VALUES (13, 'Лапша', 2, 1000.0, 1.0, 1.0, 2.28, 1.0);
INSERT INTO ingredients (id, name, "unitId", "gramsPerUnit", "lossCold", "lossFry", "lossBoil", "lossBake") VALUES (14, 'Яйцо куриное', 3, 50.0, 0.88, 0.92, 0.9, 0.9);
INSERT INTO ingredients (id, name, "unitId", "gramsPerUnit", "lossCold", "lossFry", "lossBoil", "lossBake") VALUES (15, 'Сосиски', 3, 50.0, 1.0, 1.0, 1.0, 1.0);
INSERT INTO ingredients (id, name, "unitId", "gramsPerUnit", "lossCold", "lossFry", "lossBoil", "lossBake") VALUES (16, 'Вода', 4, 1000.0, 1.0, 1.0, 0.88, 1.0);
INSERT INTO ingredients (id, name, "unitId", "gramsPerUnit", "lossCold", "lossFry", "lossBoil", "lossBake") VALUES (17, 'Капуста квашенная', 2, 1000.0, 0.88, 1.0, 1.0, 1.0);
INSERT INTO ingredients (id, name, "unitId", "gramsPerUnit", "lossCold", "lossFry", "lossBoil", "lossBake") VALUES (18, 'Шампиньоны свежие', 2, 1000.0, 1.0, 0.4, 0.7, 0.5);
INSERT INTO ingredients (id, name, "unitId", "gramsPerUnit", "lossCold", "lossFry", "lossBoil", "lossBake") VALUES (20, 'Колбаса копченая', 1, 1000.0, 1.0, 1.0, 1.0, 1.0);
INSERT INTO ingredients (id, name, "unitId", "gramsPerUnit", "lossCold", "lossFry", "lossBoil", "lossBake") VALUES (21, 'Чернослив', 1, 1000.0, 1.0, 1.0, 1.8, 1.0);
INSERT INTO ingredients (id, name, "unitId", "gramsPerUnit", "lossCold", "lossFry", "lossBoil", "lossBake") VALUES (22, 'Фасоль стручковая морож.', 2, 1000.0, 0.93, 0.95, 0.95, 0.95);
INSERT INTO ingredients (id, name, "unitId", "gramsPerUnit", "lossCold", "lossFry", "lossBoil", "lossBake") VALUES (23, 'Овсяные хлопья', 2, 1000.0, 1.0, 1.0, 2.5, 1.0);
INSERT INTO ingredients (id, name, "unitId", "gramsPerUnit", "lossCold", "lossFry", "lossBoil", "lossBake") VALUES (24, 'Яблоки', 2, 1000.0, 0.88, 0.8, 0.8, 0.8);
INSERT INTO ingredients (id, name, "unitId", "gramsPerUnit", "lossCold", "lossFry", "lossBoil", "lossBake") VALUES (25, 'Масло сливочное', 2, 1000.0, 1.0, 1.0, 1.0, 1.0);
INSERT INTO ingredients (id, name, "unitId", "gramsPerUnit", "lossCold", "lossFry", "lossBoil", "lossBake") VALUES (26, 'Кофе', 1, 1.0, 1.0, 1.0, 1.0, 1.0);
INSERT INTO ingredients (id, name, "unitId", "gramsPerUnit", "lossCold", "lossFry", "lossBoil", "lossBake") VALUES (27, 'Огурцы свежий', 2, 1000.0, 0.8, 1.0, 1.0, 1.0);
INSERT INTO ingredients (id, name, "unitId", "gramsPerUnit", "lossCold", "lossFry", "lossBoil", "lossBake") VALUES (28, 'Томаты свежие', 2, 1000.0, 0.85, 0.63, 0.63, 0.63);
INSERT INTO ingredients (id, name, "unitId", "gramsPerUnit", "lossCold", "lossFry", "lossBoil", "lossBake") VALUES (29, 'Сметана', 2, 1000.0, 1.0, 0.67, 0.8, 0.67);
INSERT INTO ingredients (id, name, "unitId", "gramsPerUnit", "lossCold", "lossFry", "lossBoil", "lossBake") VALUES (30, 'Фарш говяжий', 2, 1000.0, 1.0, 0.7, 0.7, 0.7);
INSERT INTO ingredients (id, name, "unitId", "gramsPerUnit", "lossCold", "lossFry", "lossBoil", "lossBake") VALUES (31, 'Брокколи', 2, 1000.0, 0.97, 0.95, 0.95, 0.95);
INSERT INTO ingredients (id, name, "unitId", "gramsPerUnit", "lossCold", "lossFry", "lossBoil", "lossBake") VALUES (32, 'Крупа ячневая', 2, 1000.0, 1.0, 1.0, 3.0, 1.0);
INSERT INTO ingredients (id, name, "unitId", "gramsPerUnit", "lossCold", "lossFry", "lossBoil", "lossBake") VALUES (33, 'Сыр твердый', 2, 1000.0, 1.0, 1.0, 1.0, 0.77);
INSERT INTO ingredients (id, name, "unitId", "gramsPerUnit", "lossCold", "lossFry", "lossBoil", "lossBake") VALUES (34, 'Хлеб', 2, 1000.0, 1.0, 1.0, 1.0, 1.0);
INSERT INTO ingredients (id, name, "unitId", "gramsPerUnit", "lossCold", "lossFry", "lossBoil", "lossBake") VALUES (35, 'Бекон', 2, 1000.0, 1.0, 0.65, 1.0, 0.65);
INSERT INTO ingredients (id, name, "unitId", "gramsPerUnit", "lossCold", "lossFry", "lossBoil", "lossBake") VALUES (36, 'Крупа гречневая', 2, 1000.0, 1.0, 1.0, 2.1, 1.0);
INSERT INTO ingredients (id, name, "unitId", "gramsPerUnit", "lossCold", "lossFry", "lossBoil", "lossBake") VALUES (37, 'Курица филе', 2, 1000.0, 0.94, 0.75, 0.8, 0.8);
INSERT INTO ingredients (id, name, "unitId", "gramsPerUnit", "lossCold", "lossFry", "lossBoil", "lossBake") VALUES (38, 'Курица окорочка', 2, 1000.0, 0.72, 0.69, 0.82, 0.82);
INSERT INTO ingredients (id, name, "unitId", "gramsPerUnit", "lossCold", "lossFry", "lossBoil", "lossBake") VALUES (39, 'Перец болгарский', 2, 1000.0, 0.75, 0.78, 0.78, 0.78);
INSERT INTO ingredients (id, name, "unitId", "gramsPerUnit", "lossCold", "lossFry", "lossBoil", "lossBake") VALUES (40, 'Сливки', 2, 1000.0, 1.0, 0.34, 0.88, 0.88);
INSERT INTO ingredients (id, name, "unitId", "gramsPerUnit", "lossCold", "lossFry", "lossBoil", "lossBake") VALUES (43, 'Сельдь соленая', 2, 1000.0, 0.48, 1.0, 1.0, 1.0);
INSERT INTO ingredients (id, name, "unitId", "gramsPerUnit", "lossCold", "lossFry", "lossBoil", "lossBake") VALUES (44, 'Уксус', 4, 1000.0, 1.0, 1.0, 1.0, 1.0);
INSERT INTO ingredients (id, name, "unitId", "gramsPerUnit", "lossCold", "lossFry", "lossBoil", "lossBake") VALUES (45, 'Творог', 2, 1000.0, 1.0, 1.0, 1.0, 1.0);
INSERT INTO ingredients (id, name, "unitId", "gramsPerUnit", "lossCold", "lossFry", "lossBoil", "lossBake") VALUES (46, 'Сыр адыгейский', 2, 1000.0, 1.0, 0.85, 1.0, 1.0);
INSERT INTO ingredients (id, name, "unitId", "gramsPerUnit", "lossCold", "lossFry", "lossBoil", "lossBake") VALUES (47, 'Шпинат', 1, 1.0, 0.74, 0.5, 1.0, 1.0);
INSERT INTO ingredients (id, name, "unitId", "gramsPerUnit", "lossCold", "lossFry", "lossBoil", "lossBake") VALUES (48, 'Бананы', 2, 1000.0, 0.6, 1.0, 1.0, 1.0);
INSERT INTO ingredients (id, name, "unitId", "gramsPerUnit", "lossCold", "lossFry", "lossBoil", "lossBake") VALUES (49, 'Индейка филе', 2, 1000.0, 0.96, 0.72, 0.8, 0.8);
INSERT INTO ingredients (id, name, "unitId", "gramsPerUnit", "lossCold", "lossFry", "lossBoil", "lossBake") VALUES (50, 'Авокадо', 2, 1000.0, 0.53, 1.0, 1.0, 1.0);
INSERT INTO ingredients (id, name, "unitId", "gramsPerUnit", "lossCold", "lossFry", "lossBoil", "lossBake") VALUES (51, 'Майонез', 2, 1000.0, 1.0, 0.65, 1.0, 0.65);
INSERT INTO ingredients (id, name, "unitId", "gramsPerUnit", "lossCold", "lossFry", "lossBoil", "lossBake") VALUES (52, 'Крупа перловая', 2, 1000.0, 1.0, 1.0, 3.0, 1.0);
INSERT INTO ingredients (id, name, "unitId", "gramsPerUnit", "lossCold", "lossFry", "lossBoil", "lossBake") VALUES (53, 'Огурцы соленые', 2, 1000.0, 0.8, 0.85, 0.85, 0.85);
INSERT INTO ingredients (id, name, "unitId", "gramsPerUnit", "lossCold", "lossFry", "lossBoil", "lossBake") VALUES (54, 'Груша', 2, 1000.0, 0.9, 0.8, 0.8, 0.8);
INSERT INTO ingredients (id, name, "unitId", "gramsPerUnit", "lossCold", "lossFry", "lossBoil", "lossBake") VALUES (55, 'Купаты', 3, 170.0, 0.7, 0.7, 0.7, 0.7);
INSERT INTO ingredients (id, name, "unitId", "gramsPerUnit", "lossCold", "lossFry", "lossBoil", "lossBake") VALUES (56, 'Имбирь свежий', 2, 1000.0, 1.0, 1.0, 1.0, 1.0);
INSERT INTO ingredients (id, name, "unitId", "gramsPerUnit", "lossCold", "lossFry", "lossBoil", "lossBake") VALUES (57, 'Соус соевый', 4, 1000.0, 1.0, 1.0, 1.0, 1.0);
INSERT INTO ingredients (id, name, "unitId", "gramsPerUnit", "lossCold", "lossFry", "lossBoil", "lossBake") VALUES (59, 'Свекла', 2, 1000.0, 0.75, 0.62, 0.98, 0.62);
INSERT INTO ingredients (id, name, "unitId", "gramsPerUnit", "lossCold", "lossFry", "lossBoil", "lossBake") VALUES (60, 'Тыква', 2, 1000.0, 0.7, 0.83, 0.83, 0.78);
INSERT INTO ingredients (id, name, "unitId", "gramsPerUnit", "lossCold", "lossFry", "lossBoil", "lossBake") VALUES (63, 'Сыр плавленый', 1, 1.0, 0.96, 1.0, 1.0, 1.0);
INSERT INTO ingredients (id, name, "unitId", "gramsPerUnit", "lossCold", "lossFry", "lossBoil", "lossBake") VALUES (64, 'Кабачки', 2, 1000.0, 0.7, 0.67, 0.78, 0.78);
INSERT INTO ingredients (id, name, "unitId", "gramsPerUnit", "lossCold", "lossFry", "lossBoil", "lossBake") VALUES (65, 'Горошек консервированный', 1, 1.0, 1.0, 1.0, 1.0, 1.0);
INSERT INTO ingredients (id, name, "unitId", "gramsPerUnit", "lossCold", "lossFry", "lossBoil", "lossBake") VALUES (66, 'Крупа пшенная', 2, 1000.0, 1.0, 1.0, 2.5, 1.0);
INSERT INTO ingredients (id, name, "unitId", "gramsPerUnit", "lossCold", "lossFry", "lossBoil", "lossBake") VALUES (67, 'Рыба красная', 2, 1000.0, 0.97, 0.8, 0.0, 0.8);
INSERT INTO ingredients (id, name, "unitId", "gramsPerUnit", "lossCold", "lossFry", "lossBoil", "lossBake") VALUES (68, 'Капуста цветная', 2, 1000.0, 0.7, 0.8, 0.7, 0.8);
INSERT INTO ingredients (id, name, "unitId", "gramsPerUnit", "lossCold", "lossFry", "lossBoil", "lossBake") VALUES (69, 'Вино кр. Сух', 4, 1000.0, 1.0, 1.0, 0.88, 1.0);
INSERT INTO ingredients (id, name, "unitId", "gramsPerUnit", "lossCold", "lossFry", "lossBoil", "lossBake") VALUES (7, 'Колбаса вареная', 2, 1000.0, 0.98, 0.9, 0.9, 0.9);
INSERT INTO ingredients (id, name, "unitId", "gramsPerUnit", "lossCold", "lossFry", "lossBoil", "lossBake") VALUES (10, 'Чечевица красная', 2, 1000.0, 1.0, 1, 2.5, 0.0);
INSERT INTO ingredients (id, name, "unitId", "gramsPerUnit", "lossCold", "lossFry", "lossBoil", "lossBake") VALUES (19, 'Свинина мякоть', 2, 1000.0, 0.95, 0.78, 0.6, 0.78);
INSERT INTO ingredients (id, name, "unitId", "gramsPerUnit", "lossCold", "lossFry", "lossBoil", "lossBake") VALUES (41, 'Листья салата', 2, 1000.0, 0.72, 1.0, 1.0, 1.0);
INSERT INTO ingredients (id, name, "unitId", "gramsPerUnit", "lossCold", "lossFry", "lossBoil", "lossBake") VALUES (42, 'Сельдерей стебель', 2, 1000.0, 0.84, 1.0, 1.0, 1.0);
INSERT INTO ingredients (id, name, "unitId", "gramsPerUnit", "lossCold", "lossFry", "lossBoil", "lossBake") VALUES (58, 'Мука пшеничная', 2, 1000.0, 1.0, 1.0, 1.0, 1.0);
INSERT INTO ingredients (id, name, "unitId", "gramsPerUnit", "lossCold", "lossFry", "lossBoil", "lossBake") VALUES (6, 'Капуста белокачанная', 2, 1000.0, 0.8, 0.8, 0.79, 0.8);
INSERT INTO ingredients (id, name, "unitId", "gramsPerUnit", "lossCold", "lossFry", "lossBoil", "lossBake") VALUES (70, 'Кунжут', 2, 1000.0, 1.0, 1.0, 1.0, 1.0);
INSERT INTO ingredients (id, name, "unitId", "gramsPerUnit", "lossCold", "lossFry", "lossBoil", "lossBake") VALUES (71, 'Устричный соус', 1, 1.0, 1.0, 1.0, 1.0, 1.0);
INSERT INTO ingredients (id, name, "unitId", "gramsPerUnit", "lossCold", "lossFry", "lossBoil", "lossBake") VALUES (72, 'Чеснок', 1, 1.0, 0.78, 0.6, 0.6, 0.6);
INSERT INTO ingredients (id, name, "unitId", "gramsPerUnit", "lossCold", "lossFry", "lossBoil", "lossBake") VALUES (73, 'Перец чили', 1, 1.0, 0.72, 1.0, 1.0, 1.0);

-- Recipes
INSERT INTO recipes (id, name, "portionWeightG", "defaultServings", description) VALUES (3, 'Жареное мясо', 300, 10, null);
INSERT INTO recipes (id, name, "portionWeightG", "defaultServings", description) VALUES (4, 'Бигус', 250, 10, null);
INSERT INTO recipes (id, name, "portionWeightG", "defaultServings", description) VALUES (6, 'Мерджимек', 350, 15, null);
INSERT INTO recipes (id, name, "portionWeightG", "defaultServings", description) VALUES (7, 'Салат', 150, 10, null);
INSERT INTO recipes (id, name, "portionWeightG", "defaultServings", description) VALUES (9, 'Омлет с сосиской', 250, 1, null);
INSERT INTO recipes (id, name, "portionWeightG", "defaultServings", description) VALUES (10, 'Поджарка', 50, 10, null);
INSERT INTO recipes (id, name, "portionWeightG", "defaultServings", description) VALUES (11, 'Томатный сок', 0, 10, null);
INSERT INTO recipes (id, name, "portionWeightG", "defaultServings", description) VALUES (13, 'Рис с сосисками', 300, 15, null);
INSERT INTO recipes (id, name, "portionWeightG", "defaultServings", description) VALUES (18, 'Жареная картошка', 100, 6, null);
INSERT INTO recipes (id, name, "portionWeightG", "defaultServings", description) VALUES (19, 'Жареная картошка 2', 150, 25, null);
INSERT INTO recipes (id, name, "portionWeightG", "defaultServings", description) VALUES (20, 'Сосиска', 0, 10, null);
INSERT INTO recipes (id, name, "portionWeightG", "defaultServings", description) VALUES (21, 'Бигус+', 250, 1, null);
INSERT INTO recipes (id, name, "portionWeightG", "defaultServings", description) VALUES (22, 'Лагман', 400, 4, null);
INSERT INTO recipes (id, name, "portionWeightG", "defaultServings", description) VALUES (24, 'Отварной картофель с селедкой', 190, 10, null);
INSERT INTO recipes (id, name, "portionWeightG", "defaultServings", description) VALUES (25, 'Яйцо отварное', 0, 1, null);
INSERT INTO recipes (id, name, "portionWeightG", "defaultServings", description) VALUES (26, 'Чашка кофе', 0, 0, null);
INSERT INTO recipes (id, name, "portionWeightG", "defaultServings", description) VALUES (27, 'Суп с фрикадельками', 0, 30, null);
INSERT INTO recipes (id, name, "portionWeightG", "defaultServings", description) VALUES (28, 'Салат из помид и огурцов', 0, 22, null);
INSERT INTO recipes (id, name, "portionWeightG", "defaultServings", description) VALUES (29, 'Овощи с адыг сыром', 0, 28, null);
INSERT INTO recipes (id, name, "portionWeightG", "defaultServings", description) VALUES (31, 'Суп зеленый', 0, 0, null);
INSERT INTO recipes (id, name, "portionWeightG", "defaultServings", description) VALUES (32, 'Ячневая каша с бананом', 0, 22, null);
INSERT INTO recipes (id, name, "portionWeightG", "defaultServings", description) VALUES (33, 'Бутер с маслом и сыром', 0, 15, null);
INSERT INTO recipes (id, name, "portionWeightG", "defaultServings", description) VALUES (34, 'Омлет с беконом', 0, 0, null);
INSERT INTO recipes (id, name, "portionWeightG", "defaultServings", description) VALUES (35, 'Греча с грибами', 0, 33, null);
INSERT INTO recipes (id, name, "portionWeightG", "defaultServings", description) VALUES (36, 'Салат из моркови', 0, 0, null);
INSERT INTO recipes (id, name, "portionWeightG", "defaultServings", description) VALUES (37, 'Куриный окорочок', 0, 0, null);
INSERT INTO recipes (id, name, "portionWeightG", "defaultServings", description) VALUES (38, 'Салат с сельдереем', 0, 0, null);
INSERT INTO recipes (id, name, "portionWeightG", "defaultServings", description) VALUES (39, 'Овощи с фаршем в сметане', 230, 0, null);
INSERT INTO recipes (id, name, "portionWeightG", "defaultServings", description) VALUES (40, 'Греча с курицей', 0, 0, null);
INSERT INTO recipes (id, name, "portionWeightG", "defaultServings", description) VALUES (42, 'Лапша с фаршем', 0, 20, null);
INSERT INTO recipes (id, name, "portionWeightG", "defaultServings", description) VALUES (43, 'Гречка с фаршем', 0, 15, null);
INSERT INTO recipes (id, name, "portionWeightG", "defaultServings", description) VALUES (44, 'Рассольник', 0, 20, null);
INSERT INTO recipes (id, name, "portionWeightG", "defaultServings", description) VALUES (45, 'Масурдал', 350, 44, null);
INSERT INTO recipes (id, name, "portionWeightG", "defaultServings", description) VALUES (46, 'Салат из капусты', 0, 30, null);
INSERT INTO recipes (id, name, "portionWeightG", "defaultServings", description) VALUES (47, 'Капуста', 0, 1, null);
INSERT INTO recipes (id, name, "portionWeightG", "defaultServings", description) VALUES (48, 'Салат из св капусты', 0, 0, null);
INSERT INTO recipes (id, name, "portionWeightG", "defaultServings", description) VALUES (49, 'хлеб', 0, 0, null);
INSERT INTO recipes (id, name, "portionWeightG", "defaultServings", description) VALUES (50, 'Купаты', 0, 45, null);
INSERT INTO recipes (id, name, "portionWeightG", "defaultServings", description) VALUES (51, 'Овощи тушеные', 0, 22, null);
INSERT INTO recipes (id, name, "portionWeightG", "defaultServings", description) VALUES (52, 'Какая-то шляпа', 200, 25, null);
INSERT INTO recipes (id, name, "portionWeightG", "defaultServings", description) VALUES (53, 'Курица в сливочном соусе', 0, 28, null);
INSERT INTO recipes (id, name, "portionWeightG", "defaultServings", description) VALUES (54, 'Куриный суп с яйцом', 0, 28, null);
INSERT INTO recipes (id, name, "portionWeightG", "defaultServings", description) VALUES (55, 'Макароны по флотски', 0, 22, null);
INSERT INTO recipes (id, name, "portionWeightG", "defaultServings", description) VALUES (56, 'Гуляш', 0, 22, null);
INSERT INTO recipes (id, name, "portionWeightG", "defaultServings", description) VALUES (57, 'Пюре картофельное', 0, 22, null);
INSERT INTO recipes (id, name, "portionWeightG", "defaultServings", description) VALUES (58, 'Борщ', 0, 33, null);
INSERT INTO recipes (id, name, "portionWeightG", "defaultServings", description) VALUES (60, 'Омлет', 0, 20, null);
INSERT INTO recipes (id, name, "portionWeightG", "defaultServings", description) VALUES (61, 'Суп-пюре из тыквы', 250, 17, null);
INSERT INTO recipes (id, name, "portionWeightG", "defaultServings", description) VALUES (62, 'Бутерброд с колбасой', 0, 13, null);
INSERT INTO recipes (id, name, "portionWeightG", "defaultServings", description) VALUES (63, 'Грибы с фаршем и брокколи', 0, 30, null);
INSERT INTO recipes (id, name, "portionWeightG", "defaultServings", description) VALUES (64, 'Жареный бекон', 0, 0, null);
INSERT INTO recipes (id, name, "portionWeightG", "defaultServings", description) VALUES (65, 'Бефстроганов', 150, 0, null);
INSERT INTO recipes (id, name, "portionWeightG", "defaultServings", description) VALUES (66, 'Суп сырный с курицей', 300, 0, null);
INSERT INTO recipes (id, name, "portionWeightG", "defaultServings", description) VALUES (67, 'Стручковая фасоль', 0, 0, null);
INSERT INTO recipes (id, name, "portionWeightG", "defaultServings", description) VALUES (68, 'Омлет со шпинатом', 0, 0, null);
INSERT INTO recipes (id, name, "portionWeightG", "defaultServings", description) VALUES (69, 'Оливье', 200, 30, null);
INSERT INTO recipes (id, name, "portionWeightG", "defaultServings", description) VALUES (70, 'Пюре из цветной капусты и брокколи', 150, 33, null);
INSERT INTO recipes (id, name, "portionWeightG", "defaultServings", description) VALUES (71, 'Стейк из красной рыбы', 0, 28, null);
INSERT INTO recipes (id, name, "portionWeightG", "defaultServings", description) VALUES (72, 'Рис отварной', 120, 23, null);
INSERT INTO recipes (id, name, "portionWeightG", "defaultServings", description) VALUES (73, 'Каша пшенная', 160, 15, null);
INSERT INTO recipes (id, name, "portionWeightG", "defaultServings", description) VALUES (74, 'Лазанья', 300, 6, null);
INSERT INTO recipes (id, name, "portionWeightG", "defaultServings", description) VALUES (23, 'Каша овсяная с фруктами', 0, 11, null);
INSERT INTO recipes (id, name, "portionWeightG", "defaultServings", description) VALUES (75, 'Лазанья кабачковая', 230, 6, null);
INSERT INTO recipes (id, name, "portionWeightG", "defaultServings", description) VALUES (76, 'Плов от Бори', 350, 6, null);
INSERT INTO recipes (id, name, "portionWeightG", "defaultServings", description) VALUES (77, 'Азу по-татарски', 250, 0, null);
INSERT INTO recipes (id, name, "portionWeightG", "defaultServings", description) VALUES (78, 'Мясо по-бургундски', 250, 10, null);
INSERT INTO recipes (id, name, "portionWeightG", "defaultServings", description) VALUES (79, 'Плов из свинины', 0, 0, null);
INSERT INTO recipes (id, name, "portionWeightG", "defaultServings", description) VALUES (83, 'Бограч', 0, 1, null);
INSERT INTO recipes (id, name, "portionWeightG", "defaultServings", description) VALUES (84, 'Жюльен', 0, 0, null);
INSERT INTO recipes (id, name, "portionWeightG", "defaultServings", description) VALUES (85, 'Солянка классическая', 400, 0, null);
INSERT INTO recipes (id, name, "portionWeightG", "defaultServings", description) VALUES (86, 'Боря', 0, 0, null);
INSERT INTO recipes (id, name, "portionWeightG", "defaultServings", description) VALUES (87, 'Курица терияки', 120, 0, null);
INSERT INTO recipes (id, name, "portionWeightG", "defaultServings", description) VALUES (88, 'Капрезе', 120, 0, null);
INSERT INTO recipes (id, name, "portionWeightG", "defaultServings", description) VALUES (89, '', 120, 0, null);
INSERT INTO recipes (id, name, "portionWeightG", "defaultServings", description) VALUES (90, 'Салат с кальмаром', 120, 0, null);
INSERT INTO recipes (id, name, "portionWeightG", "defaultServings", description) VALUES (91, 'Суп куриный с капустой и перцем', 450, 0, null);
INSERT INTO recipes (id, name, "portionWeightG", "defaultServings", description) VALUES (92, 'Булгур с овощами', 0, 0, null);
INSERT INTO recipes (id, name, "portionWeightG", "defaultServings", description) VALUES (93, 'Сельдь под шубой', 200, 30, null);
INSERT INTO recipes (id, name, "portionWeightG", "defaultServings", description) VALUES (59, 'Сыр адыгейский жареный', 0, 33, null);
INSERT INTO recipes (id, name, "portionWeightG", "defaultServings", description) VALUES (30, 'Стейк из индейки+', 0, 0, null);
INSERT INTO recipes (id, name, "portionWeightG", "defaultServings", description) VALUES (1, 'Каша рисовая', 200, 15, 'Каша - радость наша');
INSERT INTO recipes (id, name, "portionWeightG", "defaultServings", description) VALUES (17, 'Чечевица красная', 200, 14, null);
INSERT INTO recipes (id, name, "portionWeightG", "defaultServings", description) VALUES (81, 'Чахохбили из курицы', 260, 1, 'Кинза - 7');
INSERT INTO recipes (id, name, "portionWeightG", "defaultServings", description) VALUES (80, 'Рис по-восточному со свининой', 0, 0, null);

-- Recipe ingredients
INSERT INTO recipe_ingredients (id, "recipeId", "ingredientId", "grossWeightG", "applyColdProcessing", "processingTypeId") VALUES (1, 2, 2, 73, true, 1);
INSERT INTO recipe_ingredients (id, "recipeId", "ingredientId", "grossWeightG", "applyColdProcessing", "processingTypeId") VALUES (2, 2, 3, 73, true, 1);
INSERT INTO recipe_ingredients (id, "recipeId", "ingredientId", "grossWeightG", "applyColdProcessing", "processingTypeId") VALUES (3, 2, 1, 41, true, 1);
INSERT INTO recipe_ingredients (id, "recipeId", "ingredientId", "grossWeightG", "applyColdProcessing", "processingTypeId") VALUES (4, 2, 4, 73, false, 1);
INSERT INTO recipe_ingredients (id, "recipeId", "ingredientId", "grossWeightG", "applyColdProcessing", "processingTypeId") VALUES (5, 1, 4, 71, true, 1);
INSERT INTO recipe_ingredients (id, "recipeId", "ingredientId", "grossWeightG", "applyColdProcessing", "processingTypeId") VALUES (6, 3, 2, 486, true, 2);
INSERT INTO recipe_ingredients (id, "recipeId", "ingredientId", "grossWeightG", "applyColdProcessing", "processingTypeId") VALUES (7, 6, 10, 35, false, 1);
INSERT INTO recipe_ingredients (id, "recipeId", "ingredientId", "grossWeightG", "applyColdProcessing", "processingTypeId") VALUES (8, 6, 1, 14, true, 2);
INSERT INTO recipe_ingredients (id, "recipeId", "ingredientId", "grossWeightG", "applyColdProcessing", "processingTypeId") VALUES (9, 6, 3, 14, true, 2);
INSERT INTO recipe_ingredients (id, "recipeId", "ingredientId", "grossWeightG", "applyColdProcessing", "processingTypeId") VALUES (10, 6, 11, 17, true, 1);
INSERT INTO recipe_ingredients (id, "recipeId", "ingredientId", "grossWeightG", "applyColdProcessing", "processingTypeId") VALUES (11, 6, 8, 12, false, 2);
INSERT INTO recipe_ingredients (id, "recipeId", "ingredientId", "grossWeightG", "applyColdProcessing", "processingTypeId") VALUES (12, 6, 12, 0, true, 1);
INSERT INTO recipe_ingredients (id, "recipeId", "ingredientId", "grossWeightG", "applyColdProcessing", "processingTypeId") VALUES (13, 4, 2, 60, false, 1);
INSERT INTO recipe_ingredients (id, "recipeId", "ingredientId", "grossWeightG", "applyColdProcessing", "processingTypeId") VALUES (14, 4, 7, 35, true, 1);
INSERT INTO recipe_ingredients (id, "recipeId", "ingredientId", "grossWeightG", "applyColdProcessing", "processingTypeId") VALUES (15, 4, 1, 46, true, 1);
INSERT INTO recipe_ingredients (id, "recipeId", "ingredientId", "grossWeightG", "applyColdProcessing", "processingTypeId") VALUES (16, 4, 3, 57, true, 1);
INSERT INTO recipe_ingredients (id, "recipeId", "ingredientId", "grossWeightG", "applyColdProcessing", "processingTypeId") VALUES (17, 4, 6, 170, true, 1);
INSERT INTO recipe_ingredients (id, "recipeId", "ingredientId", "grossWeightG", "applyColdProcessing", "processingTypeId") VALUES (18, 4, 8, 16, false, 1);
INSERT INTO recipe_ingredients (id, "recipeId", "ingredientId", "grossWeightG", "applyColdProcessing", "processingTypeId") VALUES (19, 7, 6, 187, true, 4);
INSERT INTO recipe_ingredients (id, "recipeId", "ingredientId", "grossWeightG", "applyColdProcessing", "processingTypeId") VALUES (20, 9, 14, 100, true, 2);
INSERT INTO recipe_ingredients (id, "recipeId", "ingredientId", "grossWeightG", "applyColdProcessing", "processingTypeId") VALUES (21, 9, 9, 50, false, 1);
INSERT INTO recipe_ingredients (id, "recipeId", "ingredientId", "grossWeightG", "applyColdProcessing", "processingTypeId") VALUES (22, 9, 15, 100, false, 3);
INSERT INTO recipe_ingredients (id, "recipeId", "ingredientId", "grossWeightG", "applyColdProcessing", "processingTypeId") VALUES (23, 10, 3, 53, true, 2);
INSERT INTO recipe_ingredients (id, "recipeId", "ingredientId", "grossWeightG", "applyColdProcessing", "processingTypeId") VALUES (24, 10, 1, 53, true, 2);
INSERT INTO recipe_ingredients (id, "recipeId", "ingredientId", "grossWeightG", "applyColdProcessing", "processingTypeId") VALUES (25, 11, 8, 30, false, 4);
INSERT INTO recipe_ingredients (id, "recipeId", "ingredientId", "grossWeightG", "applyColdProcessing", "processingTypeId") VALUES (26, 11, 16, 100, false, 4);
INSERT INTO recipe_ingredients (id, "recipeId", "ingredientId", "grossWeightG", "applyColdProcessing", "processingTypeId") VALUES (27, 13, 15, 163, false, 1);
INSERT INTO recipe_ingredients (id, "recipeId", "ingredientId", "grossWeightG", "applyColdProcessing", "processingTypeId") VALUES (28, 13, 4, 70, false, 1);
INSERT INTO recipe_ingredients (id, "recipeId", "ingredientId", "grossWeightG", "applyColdProcessing", "processingTypeId") VALUES (29, 17, 10, 80, false, 1);
INSERT INTO recipe_ingredients (id, "recipeId", "ingredientId", "grossWeightG", "applyColdProcessing", "processingTypeId") VALUES (30, 19, 11, 164, true, 2);
INSERT INTO recipe_ingredients (id, "recipeId", "ingredientId", "grossWeightG", "applyColdProcessing", "processingTypeId") VALUES (31, 19, 1, 49, true, 2);
INSERT INTO recipe_ingredients (id, "recipeId", "ingredientId", "grossWeightG", "applyColdProcessing", "processingTypeId") VALUES (32, 20, 15, 50, false, 1);
INSERT INTO recipe_ingredients (id, "recipeId", "ingredientId", "grossWeightG", "applyColdProcessing", "processingTypeId") VALUES (33, 21, 6, 114, true, 1);
INSERT INTO recipe_ingredients (id, "recipeId", "ingredientId", "grossWeightG", "applyColdProcessing", "processingTypeId") VALUES (34, 21, 17, 72, true, 1);
INSERT INTO recipe_ingredients (id, "recipeId", "ingredientId", "grossWeightG", "applyColdProcessing", "processingTypeId") VALUES (35, 21, 1, 17, true, 1);
INSERT INTO recipe_ingredients (id, "recipeId", "ingredientId", "grossWeightG", "applyColdProcessing", "processingTypeId") VALUES (36, 21, 18, 32, true, 2);
INSERT INTO recipe_ingredients (id, "recipeId", "ingredientId", "grossWeightG", "applyColdProcessing", "processingTypeId") VALUES (37, 21, 19, 32, true, 2);
INSERT INTO recipe_ingredients (id, "recipeId", "ingredientId", "grossWeightG", "applyColdProcessing", "processingTypeId") VALUES (38, 21, 8, 8, false, 1);
INSERT INTO recipe_ingredients (id, "recipeId", "ingredientId", "grossWeightG", "applyColdProcessing", "processingTypeId") VALUES (39, 21, 20, 24, true, 2);
INSERT INTO recipe_ingredients (id, "recipeId", "ingredientId", "grossWeightG", "applyColdProcessing", "processingTypeId") VALUES (40, 21, 21, 8, true, 1);
INSERT INTO recipe_ingredients (id, "recipeId", "ingredientId", "grossWeightG", "applyColdProcessing", "processingTypeId") VALUES (41, 21, 16, 27, false, 1);
INSERT INTO recipe_ingredients (id, "recipeId", "ingredientId", "grossWeightG", "applyColdProcessing", "processingTypeId") VALUES (42, 22, 2, 190, true, 1);
INSERT INTO recipe_ingredients (id, "recipeId", "ingredientId", "grossWeightG", "applyColdProcessing", "processingTypeId") VALUES (43, 22, 1, 57, true, 2);
INSERT INTO recipe_ingredients (id, "recipeId", "ingredientId", "grossWeightG", "applyColdProcessing", "processingTypeId") VALUES (44, 22, 3, 95, true, 1);
INSERT INTO recipe_ingredients (id, "recipeId", "ingredientId", "grossWeightG", "applyColdProcessing", "processingTypeId") VALUES (45, 22, 13, 95, false, 1);
INSERT INTO recipe_ingredients (id, "recipeId", "ingredientId", "grossWeightG", "applyColdProcessing", "processingTypeId") VALUES (46, 6, 16, 259, false, 1);
INSERT INTO recipe_ingredients (id, "recipeId", "ingredientId", "grossWeightG", "applyColdProcessing", "processingTypeId") VALUES (47, 23, 23, 35, false, 1);
INSERT INTO recipe_ingredients (id, "recipeId", "ingredientId", "grossWeightG", "applyColdProcessing", "processingTypeId") VALUES (48, 23, 24, 15, true, 2);
INSERT INTO recipe_ingredients (id, "recipeId", "ingredientId", "grossWeightG", "applyColdProcessing", "processingTypeId") VALUES (49, 23, 9, 50, false, 1);
INSERT INTO recipe_ingredients (id, "recipeId", "ingredientId", "grossWeightG", "applyColdProcessing", "processingTypeId") VALUES (50, 23, 25, 5, false, 4);
INSERT INTO recipe_ingredients (id, "recipeId", "ingredientId", "grossWeightG", "applyColdProcessing", "processingTypeId") VALUES (51, 24, 43, 114, true, 4);
INSERT INTO recipe_ingredients (id, "recipeId", "ingredientId", "grossWeightG", "applyColdProcessing", "processingTypeId") VALUES (52, 24, 11, 190, true, 1);
INSERT INTO recipe_ingredients (id, "recipeId", "ingredientId", "grossWeightG", "applyColdProcessing", "processingTypeId") VALUES (53, 24, 1, 29, true, 4);
INSERT INTO recipe_ingredients (id, "recipeId", "ingredientId", "grossWeightG", "applyColdProcessing", "processingTypeId") VALUES (54, 24, 25, 10, false, 4);
INSERT INTO recipe_ingredients (id, "recipeId", "ingredientId", "grossWeightG", "applyColdProcessing", "processingTypeId") VALUES (55, 24, 44, 2, false, 4);
INSERT INTO recipe_ingredients (id, "recipeId", "ingredientId", "grossWeightG", "applyColdProcessing", "processingTypeId") VALUES (56, 25, 14, 50, true, 1);
INSERT INTO recipe_ingredients (id, "recipeId", "ingredientId", "grossWeightG", "applyColdProcessing", "processingTypeId") VALUES (57, 26, 26, 9, false, 4);
INSERT INTO recipe_ingredients (id, "recipeId", "ingredientId", "grossWeightG", "applyColdProcessing", "processingTypeId") VALUES (58, 27, 30, 80, true, 1);
INSERT INTO recipe_ingredients (id, "recipeId", "ingredientId", "grossWeightG", "applyColdProcessing", "processingTypeId") VALUES (59, 27, 16, 200, false, 1);
INSERT INTO recipe_ingredients (id, "recipeId", "ingredientId", "grossWeightG", "applyColdProcessing", "processingTypeId") VALUES (60, 27, 11, 60, true, 1);
INSERT INTO recipe_ingredients (id, "recipeId", "ingredientId", "grossWeightG", "applyColdProcessing", "processingTypeId") VALUES (61, 27, 3, 50, true, 1);
INSERT INTO recipe_ingredients (id, "recipeId", "ingredientId", "grossWeightG", "applyColdProcessing", "processingTypeId") VALUES (62, 27, 1, 10, true, 1);
INSERT INTO recipe_ingredients (id, "recipeId", "ingredientId", "grossWeightG", "applyColdProcessing", "processingTypeId") VALUES (63, 28, 28, 70, true, 4);
INSERT INTO recipe_ingredients (id, "recipeId", "ingredientId", "grossWeightG", "applyColdProcessing", "processingTypeId") VALUES (64, 28, 27, 70, true, 4);
INSERT INTO recipe_ingredients (id, "recipeId", "ingredientId", "grossWeightG", "applyColdProcessing", "processingTypeId") VALUES (65, 28, 29, 10, false, 4);
INSERT INTO recipe_ingredients (id, "recipeId", "ingredientId", "grossWeightG", "applyColdProcessing", "processingTypeId") VALUES (66, 29, 31, 30, true, 1);
INSERT INTO recipe_ingredients (id, "recipeId", "ingredientId", "grossWeightG", "applyColdProcessing", "processingTypeId") VALUES (67, 29, 3, 30, true, 1);
INSERT INTO recipe_ingredients (id, "recipeId", "ingredientId", "grossWeightG", "applyColdProcessing", "processingTypeId") VALUES (68, 29, 11, 40, true, 1);
INSERT INTO recipe_ingredients (id, "recipeId", "ingredientId", "grossWeightG", "applyColdProcessing", "processingTypeId") VALUES (69, 29, 46, 40, false, 2);
INSERT INTO recipe_ingredients (id, "recipeId", "ingredientId", "grossWeightG", "applyColdProcessing", "processingTypeId") VALUES (70, 30, 49, 100, true, 2);
INSERT INTO recipe_ingredients (id, "recipeId", "ingredientId", "grossWeightG", "applyColdProcessing", "processingTypeId") VALUES (71, 30, 41, 30, true, 4);
INSERT INTO recipe_ingredients (id, "recipeId", "ingredientId", "grossWeightG", "applyColdProcessing", "processingTypeId") VALUES (72, 30, 50, 200, true, 4);
INSERT INTO recipe_ingredients (id, "recipeId", "ingredientId", "grossWeightG", "applyColdProcessing", "processingTypeId") VALUES (73, 31, 31, 50, true, 1);
INSERT INTO recipe_ingredients (id, "recipeId", "ingredientId", "grossWeightG", "applyColdProcessing", "processingTypeId") VALUES (74, 31, 47, 30, true, 1);
INSERT INTO recipe_ingredients (id, "recipeId", "ingredientId", "grossWeightG", "applyColdProcessing", "processingTypeId") VALUES (75, 31, 22, 50, true, 1);
INSERT INTO recipe_ingredients (id, "recipeId", "ingredientId", "grossWeightG", "applyColdProcessing", "processingTypeId") VALUES (76, 31, 42, 20, true, 1);
INSERT INTO recipe_ingredients (id, "recipeId", "ingredientId", "grossWeightG", "applyColdProcessing", "processingTypeId") VALUES (77, 31, 40, 50, false, 1);
INSERT INTO recipe_ingredients (id, "recipeId", "ingredientId", "grossWeightG", "applyColdProcessing", "processingTypeId") VALUES (78, 31, 16, 100, false, 1);
INSERT INTO recipe_ingredients (id, "recipeId", "ingredientId", "grossWeightG", "applyColdProcessing", "processingTypeId") VALUES (79, 32, 32, 40, false, 1);
INSERT INTO recipe_ingredients (id, "recipeId", "ingredientId", "grossWeightG", "applyColdProcessing", "processingTypeId") VALUES (80, 32, 48, 30, true, 4);
INSERT INTO recipe_ingredients (id, "recipeId", "ingredientId", "grossWeightG", "applyColdProcessing", "processingTypeId") VALUES (81, 32, 25, 10, false, 4);
INSERT INTO recipe_ingredients (id, "recipeId", "ingredientId", "grossWeightG", "applyColdProcessing", "processingTypeId") VALUES (82, 33, 34, 40, false, 4);
INSERT INTO recipe_ingredients (id, "recipeId", "ingredientId", "grossWeightG", "applyColdProcessing", "processingTypeId") VALUES (83, 33, 25, 5, false, 4);
INSERT INTO recipe_ingredients (id, "recipeId", "ingredientId", "grossWeightG", "applyColdProcessing", "processingTypeId") VALUES (84, 33, 33, 20, false, 4);
INSERT INTO recipe_ingredients (id, "recipeId", "ingredientId", "grossWeightG", "applyColdProcessing", "processingTypeId") VALUES (85, 34, 14, 75, true, 2);
INSERT INTO recipe_ingredients (id, "recipeId", "ingredientId", "grossWeightG", "applyColdProcessing", "processingTypeId") VALUES (86, 34, 9, 50, false, 1);
INSERT INTO recipe_ingredients (id, "recipeId", "ingredientId", "grossWeightG", "applyColdProcessing", "processingTypeId") VALUES (87, 34, 35, 70, true, 2);
INSERT INTO recipe_ingredients (id, "recipeId", "ingredientId", "grossWeightG", "applyColdProcessing", "processingTypeId") VALUES (88, 34, 25, 5, false, 4);
INSERT INTO recipe_ingredients (id, "recipeId", "ingredientId", "grossWeightG", "applyColdProcessing", "processingTypeId") VALUES (89, 35, 36, 70, false, 1);
INSERT INTO recipe_ingredients (id, "recipeId", "ingredientId", "grossWeightG", "applyColdProcessing", "processingTypeId") VALUES (90, 35, 18, 125, true, 2);
INSERT INTO recipe_ingredients (id, "recipeId", "ingredientId", "grossWeightG", "applyColdProcessing", "processingTypeId") VALUES (91, 35, 1, 48, true, 2);
INSERT INTO recipe_ingredients (id, "recipeId", "ingredientId", "grossWeightG", "applyColdProcessing", "processingTypeId") VALUES (92, 35, 40, 23, false, 1);
INSERT INTO recipe_ingredients (id, "recipeId", "ingredientId", "grossWeightG", "applyColdProcessing", "processingTypeId") VALUES (93, 36, 3, 100, true, 4);
INSERT INTO recipe_ingredients (id, "recipeId", "ingredientId", "grossWeightG", "applyColdProcessing", "processingTypeId") VALUES (94, 36, 33, 30, false, 4);
INSERT INTO recipe_ingredients (id, "recipeId", "ingredientId", "grossWeightG", "applyColdProcessing", "processingTypeId") VALUES (95, 36, 51, 15, false, 4);
INSERT INTO recipe_ingredients (id, "recipeId", "ingredientId", "grossWeightG", "applyColdProcessing", "processingTypeId") VALUES (96, 37, 38, 250, false, 2);
INSERT INTO recipe_ingredients (id, "recipeId", "ingredientId", "grossWeightG", "applyColdProcessing", "processingTypeId") VALUES (97, 37, 31, 60, true, 2);
INSERT INTO recipe_ingredients (id, "recipeId", "ingredientId", "grossWeightG", "applyColdProcessing", "processingTypeId") VALUES (98, 37, 39, 40, true, 2);
INSERT INTO recipe_ingredients (id, "recipeId", "ingredientId", "grossWeightG", "applyColdProcessing", "processingTypeId") VALUES (99, 37, 25, 10, true, 2);
INSERT INTO recipe_ingredients (id, "recipeId", "ingredientId", "grossWeightG", "applyColdProcessing", "processingTypeId") VALUES (100, 38, 27, 40, true, 4);
INSERT INTO recipe_ingredients (id, "recipeId", "ingredientId", "grossWeightG", "applyColdProcessing", "processingTypeId") VALUES (101, 38, 28, 40, true, 4);
INSERT INTO recipe_ingredients (id, "recipeId", "ingredientId", "grossWeightG", "applyColdProcessing", "processingTypeId") VALUES (102, 38, 42, 20, true, 4);
INSERT INTO recipe_ingredients (id, "recipeId", "ingredientId", "grossWeightG", "applyColdProcessing", "processingTypeId") VALUES (103, 38, 41, 30, true, 4);
INSERT INTO recipe_ingredients (id, "recipeId", "ingredientId", "grossWeightG", "applyColdProcessing", "processingTypeId") VALUES (104, 39, 22, 86, true, 1);
INSERT INTO recipe_ingredients (id, "recipeId", "ingredientId", "grossWeightG", "applyColdProcessing", "processingTypeId") VALUES (105, 39, 31, 77, true, 1);
INSERT INTO recipe_ingredients (id, "recipeId", "ingredientId", "grossWeightG", "applyColdProcessing", "processingTypeId") VALUES (106, 39, 3, 52, true, 1);
INSERT INTO recipe_ingredients (id, "recipeId", "ingredientId", "grossWeightG", "applyColdProcessing", "processingTypeId") VALUES (107, 39, 30, 69, true, 2);
INSERT INTO recipe_ingredients (id, "recipeId", "ingredientId", "grossWeightG", "applyColdProcessing", "processingTypeId") VALUES (108, 39, 29, 9, true, 4);
INSERT INTO recipe_ingredients (id, "recipeId", "ingredientId", "grossWeightG", "applyColdProcessing", "processingTypeId") VALUES (109, 40, 36, 70, false, 1);
INSERT INTO recipe_ingredients (id, "recipeId", "ingredientId", "grossWeightG", "applyColdProcessing", "processingTypeId") VALUES (110, 40, 1, 40, true, 2);
INSERT INTO recipe_ingredients (id, "recipeId", "ingredientId", "grossWeightG", "applyColdProcessing", "processingTypeId") VALUES (111, 40, 40, 23, false, 1);
INSERT INTO recipe_ingredients (id, "recipeId", "ingredientId", "grossWeightG", "applyColdProcessing", "processingTypeId") VALUES (112, 40, 37, 90, true, 2);
INSERT INTO recipe_ingredients (id, "recipeId", "ingredientId", "grossWeightG", "applyColdProcessing", "processingTypeId") VALUES (113, 42, 30, 100, true, 2);
INSERT INTO recipe_ingredients (id, "recipeId", "ingredientId", "grossWeightG", "applyColdProcessing", "processingTypeId") VALUES (114, 42, 31, 50, true, 2);
INSERT INTO recipe_ingredients (id, "recipeId", "ingredientId", "grossWeightG", "applyColdProcessing", "processingTypeId") VALUES (115, 42, 40, 30, true, 1);
INSERT INTO recipe_ingredients (id, "recipeId", "ingredientId", "grossWeightG", "applyColdProcessing", "processingTypeId") VALUES (116, 42, 13, 70, true, 1);
INSERT INTO recipe_ingredients (id, "recipeId", "ingredientId", "grossWeightG", "applyColdProcessing", "processingTypeId") VALUES (117, 43, 36, 80, false, 1);
INSERT INTO recipe_ingredients (id, "recipeId", "ingredientId", "grossWeightG", "applyColdProcessing", "processingTypeId") VALUES (118, 43, 1, 50, true, 2);
INSERT INTO recipe_ingredients (id, "recipeId", "ingredientId", "grossWeightG", "applyColdProcessing", "processingTypeId") VALUES (119, 43, 3, 70, true, 2);
INSERT INTO recipe_ingredients (id, "recipeId", "ingredientId", "grossWeightG", "applyColdProcessing", "processingTypeId") VALUES (120, 43, 30, 100, false, 2);
INSERT INTO recipe_ingredients (id, "recipeId", "ingredientId", "grossWeightG", "applyColdProcessing", "processingTypeId") VALUES (121, 44, 11, 50, true, 1);
INSERT INTO recipe_ingredients (id, "recipeId", "ingredientId", "grossWeightG", "applyColdProcessing", "processingTypeId") VALUES (122, 44, 52, 7, false, 1);
INSERT INTO recipe_ingredients (id, "recipeId", "ingredientId", "grossWeightG", "applyColdProcessing", "processingTypeId") VALUES (123, 44, 3, 20, true, 1);
INSERT INTO recipe_ingredients (id, "recipeId", "ingredientId", "grossWeightG", "applyColdProcessing", "processingTypeId") VALUES (124, 44, 1, 10, true, 1);
INSERT INTO recipe_ingredients (id, "recipeId", "ingredientId", "grossWeightG", "applyColdProcessing", "processingTypeId") VALUES (125, 44, 53, 30, true, 1);
INSERT INTO recipe_ingredients (id, "recipeId", "ingredientId", "grossWeightG", "applyColdProcessing", "processingTypeId") VALUES (126, 44, 25, 5, false, 4);
INSERT INTO recipe_ingredients (id, "recipeId", "ingredientId", "grossWeightG", "applyColdProcessing", "processingTypeId") VALUES (127, 44, 16, 200, false, 1);
INSERT INTO recipe_ingredients (id, "recipeId", "ingredientId", "grossWeightG", "applyColdProcessing", "processingTypeId") VALUES (128, 44, 29, 10, false, 4);
INSERT INTO recipe_ingredients (id, "recipeId", "ingredientId", "grossWeightG", "applyColdProcessing", "processingTypeId") VALUES (129, 44, 2, 30, true, 1);
INSERT INTO recipe_ingredients (id, "recipeId", "ingredientId", "grossWeightG", "applyColdProcessing", "processingTypeId") VALUES (130, 45, 10, 55, false, 1);
INSERT INTO recipe_ingredients (id, "recipeId", "ingredientId", "grossWeightG", "applyColdProcessing", "processingTypeId") VALUES (131, 45, 1, 11, true, 2);
INSERT INTO recipe_ingredients (id, "recipeId", "ingredientId", "grossWeightG", "applyColdProcessing", "processingTypeId") VALUES (132, 45, 3, 11, true, 2);
INSERT INTO recipe_ingredients (id, "recipeId", "ingredientId", "grossWeightG", "applyColdProcessing", "processingTypeId") VALUES (133, 45, 28, 15, true, 1);
INSERT INTO recipe_ingredients (id, "recipeId", "ingredientId", "grossWeightG", "applyColdProcessing", "processingTypeId") VALUES (134, 45, 25, 2, false, 4);
INSERT INTO recipe_ingredients (id, "recipeId", "ingredientId", "grossWeightG", "applyColdProcessing", "processingTypeId") VALUES (135, 45, 56, 0, true, 4);
INSERT INTO recipe_ingredients (id, "recipeId", "ingredientId", "grossWeightG", "applyColdProcessing", "processingTypeId") VALUES (136, 45, 16, 218, false, 1);
INSERT INTO recipe_ingredients (id, "recipeId", "ingredientId", "grossWeightG", "applyColdProcessing", "processingTypeId") VALUES (137, 23, 54, 15, true, 2);
INSERT INTO recipe_ingredients (id, "recipeId", "ingredientId", "grossWeightG", "applyColdProcessing", "processingTypeId") VALUES (138, 46, 6, 100, true, 4);
INSERT INTO recipe_ingredients (id, "recipeId", "ingredientId", "grossWeightG", "applyColdProcessing", "processingTypeId") VALUES (139, 46, 24, 50, true, 4);
INSERT INTO recipe_ingredients (id, "recipeId", "ingredientId", "grossWeightG", "applyColdProcessing", "processingTypeId") VALUES (140, 46, 3, 50, true, 4);
INSERT INTO recipe_ingredients (id, "recipeId", "ingredientId", "grossWeightG", "applyColdProcessing", "processingTypeId") VALUES (141, 46, 12, 1, true, 4);
INSERT INTO recipe_ingredients (id, "recipeId", "ingredientId", "grossWeightG", "applyColdProcessing", "processingTypeId") VALUES (142, 47, 6, 100, true, 4);
INSERT INTO recipe_ingredients (id, "recipeId", "ingredientId", "grossWeightG", "applyColdProcessing", "processingTypeId") VALUES (143, 48, 6, 100, true, 4);
INSERT INTO recipe_ingredients (id, "recipeId", "ingredientId", "grossWeightG", "applyColdProcessing", "processingTypeId") VALUES (144, 48, 3, 50, true, 4);
INSERT INTO recipe_ingredients (id, "recipeId", "ingredientId", "grossWeightG", "applyColdProcessing", "processingTypeId") VALUES (145, 48, 24, 50, true, 4);
INSERT INTO recipe_ingredients (id, "recipeId", "ingredientId", "grossWeightG", "applyColdProcessing", "processingTypeId") VALUES (146, 48, 12, 1, true, 4);
INSERT INTO recipe_ingredients (id, "recipeId", "ingredientId", "grossWeightG", "applyColdProcessing", "processingTypeId") VALUES (147, 49, 34, 50, false, 4);
INSERT INTO recipe_ingredients (id, "recipeId", "ingredientId", "grossWeightG", "applyColdProcessing", "processingTypeId") VALUES (148, 50, 55, 340, false, 2);
INSERT INTO recipe_ingredients (id, "recipeId", "ingredientId", "grossWeightG", "applyColdProcessing", "processingTypeId") VALUES (149, 83, 2, 811, true, 1);
INSERT INTO recipe_ingredients (id, "recipeId", "ingredientId", "grossWeightG", "applyColdProcessing", "processingTypeId") VALUES (150, 83, 1, 271, true, 2);
INSERT INTO recipe_ingredients (id, "recipeId", "ingredientId", "grossWeightG", "applyColdProcessing", "processingTypeId") VALUES (151, 83, 11, 385, true, 1);
INSERT INTO recipe_ingredients (id, "recipeId", "ingredientId", "grossWeightG", "applyColdProcessing", "processingTypeId") VALUES (152, 83, 28, 286, true, 1);
INSERT INTO recipe_ingredients (id, "recipeId", "ingredientId", "grossWeightG", "applyColdProcessing", "processingTypeId") VALUES (153, 83, 39, 395, true, 1);
INSERT INTO recipe_ingredients (id, "recipeId", "ingredientId", "grossWeightG", "applyColdProcessing", "processingTypeId") VALUES (154, 83, 8, 61, true, 2);
INSERT INTO recipe_ingredients (id, "recipeId", "ingredientId", "grossWeightG", "applyColdProcessing", "processingTypeId") VALUES (155, 83, 35, 112, false, 2);
INSERT INTO recipe_ingredients (id, "recipeId", "ingredientId", "grossWeightG", "applyColdProcessing", "processingTypeId") VALUES (156, 83, 16, 1184, false, 1);
INSERT INTO recipe_ingredients (id, "recipeId", "ingredientId", "grossWeightG", "applyColdProcessing", "processingTypeId") VALUES (157, 83, 74, 28, false, 2);
INSERT INTO recipe_ingredients (id, "recipeId", "ingredientId", "grossWeightG", "applyColdProcessing", "processingTypeId") VALUES (158, 51, 31, 60, false, 1);
INSERT INTO recipe_ingredients (id, "recipeId", "ingredientId", "grossWeightG", "applyColdProcessing", "processingTypeId") VALUES (159, 51, 22, 60, false, 1);
INSERT INTO recipe_ingredients (id, "recipeId", "ingredientId", "grossWeightG", "applyColdProcessing", "processingTypeId") VALUES (160, 51, 3, 60, true, 1);
INSERT INTO recipe_ingredients (id, "recipeId", "ingredientId", "grossWeightG", "applyColdProcessing", "processingTypeId") VALUES (161, 52, 13, 44, false, 1);
INSERT INTO recipe_ingredients (id, "recipeId", "ingredientId", "grossWeightG", "applyColdProcessing", "processingTypeId") VALUES (162, 52, 6, 51, true, 1);
INSERT INTO recipe_ingredients (id, "recipeId", "ingredientId", "grossWeightG", "applyColdProcessing", "processingTypeId") VALUES (163, 52, 3, 44, true, 1);
INSERT INTO recipe_ingredients (id, "recipeId", "ingredientId", "grossWeightG", "applyColdProcessing", "processingTypeId") VALUES (164, 52, 28, 44, true, 1);
INSERT INTO recipe_ingredients (id, "recipeId", "ingredientId", "grossWeightG", "applyColdProcessing", "processingTypeId") VALUES (165, 52, 39, 37, true, 1);
INSERT INTO recipe_ingredients (id, "recipeId", "ingredientId", "grossWeightG", "applyColdProcessing", "processingTypeId") VALUES (166, 53, 37, 120, true, 2);
INSERT INTO recipe_ingredients (id, "recipeId", "ingredientId", "grossWeightG", "applyColdProcessing", "processingTypeId") VALUES (167, 53, 40, 50, false, 2);
INSERT INTO recipe_ingredients (id, "recipeId", "ingredientId", "grossWeightG", "applyColdProcessing", "processingTypeId") VALUES (168, 53, 1, 30, true, 2);
INSERT INTO recipe_ingredients (id, "recipeId", "ingredientId", "grossWeightG", "applyColdProcessing", "processingTypeId") VALUES (169, 53, 57, 5, false, 4);
INSERT INTO recipe_ingredients (id, "recipeId", "ingredientId", "grossWeightG", "applyColdProcessing", "processingTypeId") VALUES (170, 54, 37, 50, true, 4);
INSERT INTO recipe_ingredients (id, "recipeId", "ingredientId", "grossWeightG", "applyColdProcessing", "processingTypeId") VALUES (171, 54, 14, 25, true, 1);
INSERT INTO recipe_ingredients (id, "recipeId", "ingredientId", "grossWeightG", "applyColdProcessing", "processingTypeId") VALUES (172, 54, 3, 20, true, 4);
INSERT INTO recipe_ingredients (id, "recipeId", "ingredientId", "grossWeightG", "applyColdProcessing", "processingTypeId") VALUES (173, 54, 1, 5, true, 2);
INSERT INTO recipe_ingredients (id, "recipeId", "ingredientId", "grossWeightG", "applyColdProcessing", "processingTypeId") VALUES (174, 54, 16, 200, true, 1);
INSERT INTO recipe_ingredients (id, "recipeId", "ingredientId", "grossWeightG", "applyColdProcessing", "processingTypeId") VALUES (175, 55, 13, 81, false, 1);
INSERT INTO recipe_ingredients (id, "recipeId", "ingredientId", "grossWeightG", "applyColdProcessing", "processingTypeId") VALUES (176, 55, 30, 57, false, 2);
INSERT INTO recipe_ingredients (id, "recipeId", "ingredientId", "grossWeightG", "applyColdProcessing", "processingTypeId") VALUES (177, 55, 3, 30, true, 2);
INSERT INTO recipe_ingredients (id, "recipeId", "ingredientId", "grossWeightG", "applyColdProcessing", "processingTypeId") VALUES (178, 55, 1, 20, true, 2);
INSERT INTO recipe_ingredients (id, "recipeId", "ingredientId", "grossWeightG", "applyColdProcessing", "processingTypeId") VALUES (179, 56, 2, 90, true, 1);
INSERT INTO recipe_ingredients (id, "recipeId", "ingredientId", "grossWeightG", "applyColdProcessing", "processingTypeId") VALUES (180, 56, 1, 15, true, 2);
INSERT INTO recipe_ingredients (id, "recipeId", "ingredientId", "grossWeightG", "applyColdProcessing", "processingTypeId") VALUES (181, 56, 58, 5, true, 2);
INSERT INTO recipe_ingredients (id, "recipeId", "ingredientId", "grossWeightG", "applyColdProcessing", "processingTypeId") VALUES (182, 56, 3, 15, true, 1);
INSERT INTO recipe_ingredients (id, "recipeId", "ingredientId", "grossWeightG", "applyColdProcessing", "processingTypeId") VALUES (183, 56, 8, 10, false, 1);
INSERT INTO recipe_ingredients (id, "recipeId", "ingredientId", "grossWeightG", "applyColdProcessing", "processingTypeId") VALUES (184, 56, 16, 50, false, 1);
INSERT INTO recipe_ingredients (id, "recipeId", "ingredientId", "grossWeightG", "applyColdProcessing", "processingTypeId") VALUES (185, 57, 11, 150, true, 1);
INSERT INTO recipe_ingredients (id, "recipeId", "ingredientId", "grossWeightG", "applyColdProcessing", "processingTypeId") VALUES (186, 57, 25, 15, false, 4);
INSERT INTO recipe_ingredients (id, "recipeId", "ingredientId", "grossWeightG", "applyColdProcessing", "processingTypeId") VALUES (187, 57, 9, 40, false, 4);
INSERT INTO recipe_ingredients (id, "recipeId", "ingredientId", "grossWeightG", "applyColdProcessing", "processingTypeId") VALUES (188, 58, 6, 30, true, 1);
INSERT INTO recipe_ingredients (id, "recipeId", "ingredientId", "grossWeightG", "applyColdProcessing", "processingTypeId") VALUES (189, 58, 59, 40, true, 1);
INSERT INTO recipe_ingredients (id, "recipeId", "ingredientId", "grossWeightG", "applyColdProcessing", "processingTypeId") VALUES (190, 58, 11, 52, true, 1);
INSERT INTO recipe_ingredients (id, "recipeId", "ingredientId", "grossWeightG", "applyColdProcessing", "processingTypeId") VALUES (191, 58, 3, 16, true, 2);
INSERT INTO recipe_ingredients (id, "recipeId", "ingredientId", "grossWeightG", "applyColdProcessing", "processingTypeId") VALUES (192, 58, 1, 9, true, 2);
INSERT INTO recipe_ingredients (id, "recipeId", "ingredientId", "grossWeightG", "applyColdProcessing", "processingTypeId") VALUES (193, 58, 8, 9, false, 2);
INSERT INTO recipe_ingredients (id, "recipeId", "ingredientId", "grossWeightG", "applyColdProcessing", "processingTypeId") VALUES (194, 58, 12, 3, true, 4);
INSERT INTO recipe_ingredients (id, "recipeId", "ingredientId", "grossWeightG", "applyColdProcessing", "processingTypeId") VALUES (195, 58, 16, 200, false, 1);
INSERT INTO recipe_ingredients (id, "recipeId", "ingredientId", "grossWeightG", "applyColdProcessing", "processingTypeId") VALUES (196, 58, 2, 40, true, 1);
INSERT INTO recipe_ingredients (id, "recipeId", "ingredientId", "grossWeightG", "applyColdProcessing", "processingTypeId") VALUES (197, 58, 29, 10, false, 4);
INSERT INTO recipe_ingredients (id, "recipeId", "ingredientId", "grossWeightG", "applyColdProcessing", "processingTypeId") VALUES (198, 59, 46, 80, true, 2);
INSERT INTO recipe_ingredients (id, "recipeId", "ingredientId", "grossWeightG", "applyColdProcessing", "processingTypeId") VALUES (199, 60, 14, 100, true, 3);
INSERT INTO recipe_ingredients (id, "recipeId", "ingredientId", "grossWeightG", "applyColdProcessing", "processingTypeId") VALUES (200, 60, 9, 50, false, 3);
INSERT INTO recipe_ingredients (id, "recipeId", "ingredientId", "grossWeightG", "applyColdProcessing", "processingTypeId") VALUES (201, 60, 25, 5, false, 4);
INSERT INTO recipe_ingredients (id, "recipeId", "ingredientId", "grossWeightG", "applyColdProcessing", "processingTypeId") VALUES (202, 61, 60, 99, true, 1);
INSERT INTO recipe_ingredients (id, "recipeId", "ingredientId", "grossWeightG", "applyColdProcessing", "processingTypeId") VALUES (203, 61, 11, 28, true, 1);
INSERT INTO recipe_ingredients (id, "recipeId", "ingredientId", "grossWeightG", "applyColdProcessing", "processingTypeId") VALUES (204, 61, 1, 15, true, 2);
INSERT INTO recipe_ingredients (id, "recipeId", "ingredientId", "grossWeightG", "applyColdProcessing", "processingTypeId") VALUES (205, 61, 25, 3, true, 2);
INSERT INTO recipe_ingredients (id, "recipeId", "ingredientId", "grossWeightG", "applyColdProcessing", "processingTypeId") VALUES (206, 61, 40, 28, false, 1);
INSERT INTO recipe_ingredients (id, "recipeId", "ingredientId", "grossWeightG", "applyColdProcessing", "processingTypeId") VALUES (207, 61, 16, 157, false, 1);
INSERT INTO recipe_ingredients (id, "recipeId", "ingredientId", "grossWeightG", "applyColdProcessing", "processingTypeId") VALUES (208, 62, 7, 38, false, 4);
INSERT INTO recipe_ingredients (id, "recipeId", "ingredientId", "grossWeightG", "applyColdProcessing", "processingTypeId") VALUES (209, 62, 34, 40, false, 4);
INSERT INTO recipe_ingredients (id, "recipeId", "ingredientId", "grossWeightG", "applyColdProcessing", "processingTypeId") VALUES (210, 63, 31, 100, true, 2);
INSERT INTO recipe_ingredients (id, "recipeId", "ingredientId", "grossWeightG", "applyColdProcessing", "processingTypeId") VALUES (211, 63, 18, 150, true, 2);
INSERT INTO recipe_ingredients (id, "recipeId", "ingredientId", "grossWeightG", "applyColdProcessing", "processingTypeId") VALUES (212, 63, 30, 100, false, 2);
INSERT INTO recipe_ingredients (id, "recipeId", "ingredientId", "grossWeightG", "applyColdProcessing", "processingTypeId") VALUES (213, 63, 1, 10, true, 2);
INSERT INTO recipe_ingredients (id, "recipeId", "ingredientId", "grossWeightG", "applyColdProcessing", "processingTypeId") VALUES (214, 64, 35, 70, false, 2);
INSERT INTO recipe_ingredients (id, "recipeId", "ingredientId", "grossWeightG", "applyColdProcessing", "processingTypeId") VALUES (215, 65, 2, 115, true, 2);
INSERT INTO recipe_ingredients (id, "recipeId", "ingredientId", "grossWeightG", "applyColdProcessing", "processingTypeId") VALUES (216, 65, 1, 34, true, 2);
INSERT INTO recipe_ingredients (id, "recipeId", "ingredientId", "grossWeightG", "applyColdProcessing", "processingTypeId") VALUES (217, 65, 29, 34, true, 2);
INSERT INTO recipe_ingredients (id, "recipeId", "ingredientId", "grossWeightG", "applyColdProcessing", "processingTypeId") VALUES (218, 65, 58, 7, false, 2);
INSERT INTO recipe_ingredients (id, "recipeId", "ingredientId", "grossWeightG", "applyColdProcessing", "processingTypeId") VALUES (219, 65, 8, 7, false, 2);
INSERT INTO recipe_ingredients (id, "recipeId", "ingredientId", "grossWeightG", "applyColdProcessing", "processingTypeId") VALUES (220, 65, 16, 34, false, 1);
INSERT INTO recipe_ingredients (id, "recipeId", "ingredientId", "grossWeightG", "applyColdProcessing", "processingTypeId") VALUES (221, 66, 38, 57, true, 1);
INSERT INTO recipe_ingredients (id, "recipeId", "ingredientId", "grossWeightG", "applyColdProcessing", "processingTypeId") VALUES (222, 66, 64, 114, true, 4);
INSERT INTO recipe_ingredients (id, "recipeId", "ingredientId", "grossWeightG", "applyColdProcessing", "processingTypeId") VALUES (223, 66, 63, 23, true, 4);
INSERT INTO recipe_ingredients (id, "recipeId", "ingredientId", "grossWeightG", "applyColdProcessing", "processingTypeId") VALUES (224, 66, 33, 6, true, 4);
INSERT INTO recipe_ingredients (id, "recipeId", "ingredientId", "grossWeightG", "applyColdProcessing", "processingTypeId") VALUES (225, 66, 1, 23, true, 2);
INSERT INTO recipe_ingredients (id, "recipeId", "ingredientId", "grossWeightG", "applyColdProcessing", "processingTypeId") VALUES (226, 66, 16, 170, false, 1);
INSERT INTO recipe_ingredients (id, "recipeId", "ingredientId", "grossWeightG", "applyColdProcessing", "processingTypeId") VALUES (227, 67, 22, 100, true, 2);
INSERT INTO recipe_ingredients (id, "recipeId", "ingredientId", "grossWeightG", "applyColdProcessing", "processingTypeId") VALUES (228, 68, 14, 75, true, 2);
INSERT INTO recipe_ingredients (id, "recipeId", "ingredientId", "grossWeightG", "applyColdProcessing", "processingTypeId") VALUES (229, 68, 9, 50, false, 1);
INSERT INTO recipe_ingredients (id, "recipeId", "ingredientId", "grossWeightG", "applyColdProcessing", "processingTypeId") VALUES (230, 68, 25, 20, false, 4);
INSERT INTO recipe_ingredients (id, "recipeId", "ingredientId", "grossWeightG", "applyColdProcessing", "processingTypeId") VALUES (231, 68, 47, 20, false, 4);
INSERT INTO recipe_ingredients (id, "recipeId", "ingredientId", "grossWeightG", "applyColdProcessing", "processingTypeId") VALUES (232, 69, 11, 63, true, 1);
INSERT INTO recipe_ingredients (id, "recipeId", "ingredientId", "grossWeightG", "applyColdProcessing", "processingTypeId") VALUES (233, 69, 3, 32, true, 1);
INSERT INTO recipe_ingredients (id, "recipeId", "ingredientId", "grossWeightG", "applyColdProcessing", "processingTypeId") VALUES (234, 69, 14, 32, true, 1);
INSERT INTO recipe_ingredients (id, "recipeId", "ingredientId", "grossWeightG", "applyColdProcessing", "processingTypeId") VALUES (235, 69, 53, 32, true, 4);
INSERT INTO recipe_ingredients (id, "recipeId", "ingredientId", "grossWeightG", "applyColdProcessing", "processingTypeId") VALUES (236, 69, 51, 13, true, 4);
INSERT INTO recipe_ingredients (id, "recipeId", "ingredientId", "grossWeightG", "applyColdProcessing", "processingTypeId") VALUES (237, 69, 65, 25, true, 4);
INSERT INTO recipe_ingredients (id, "recipeId", "ingredientId", "grossWeightG", "applyColdProcessing", "processingTypeId") VALUES (238, 69, 7, 51, true, 4);
INSERT INTO recipe_ingredients (id, "recipeId", "ingredientId", "grossWeightG", "applyColdProcessing", "processingTypeId") VALUES (239, 63, 29, 20, false, 4);
INSERT INTO recipe_ingredients (id, "recipeId", "ingredientId", "grossWeightG", "applyColdProcessing", "processingTypeId") VALUES (240, 70, 3, 90, true, 1);
INSERT INTO recipe_ingredients (id, "recipeId", "ingredientId", "grossWeightG", "applyColdProcessing", "processingTypeId") VALUES (241, 70, 68, 180, true, 1);
INSERT INTO recipe_ingredients (id, "recipeId", "ingredientId", "grossWeightG", "applyColdProcessing", "processingTypeId") VALUES (242, 70, 25, 15, false, 4);
INSERT INTO recipe_ingredients (id, "recipeId", "ingredientId", "grossWeightG", "applyColdProcessing", "processingTypeId") VALUES (243, 71, 67, 200, true, 2);
INSERT INTO recipe_ingredients (id, "recipeId", "ingredientId", "grossWeightG", "applyColdProcessing", "processingTypeId") VALUES (244, 72, 4, 43, false, 1);
INSERT INTO recipe_ingredients (id, "recipeId", "ingredientId", "grossWeightG", "applyColdProcessing", "processingTypeId") VALUES (245, 73, 66, 51, false, 1);
INSERT INTO recipe_ingredients (id, "recipeId", "ingredientId", "grossWeightG", "applyColdProcessing", "processingTypeId") VALUES (246, 73, 9, 39, false, 1);
INSERT INTO recipe_ingredients (id, "recipeId", "ingredientId", "grossWeightG", "applyColdProcessing", "processingTypeId") VALUES (247, 74, 13, 55, false, 1);
INSERT INTO recipe_ingredients (id, "recipeId", "ingredientId", "grossWeightG", "applyColdProcessing", "processingTypeId") VALUES (248, 74, 30, 52, false, 2);
INSERT INTO recipe_ingredients (id, "recipeId", "ingredientId", "grossWeightG", "applyColdProcessing", "processingTypeId") VALUES (249, 74, 8, 38, false, 2);
INSERT INTO recipe_ingredients (id, "recipeId", "ingredientId", "grossWeightG", "applyColdProcessing", "processingTypeId") VALUES (250, 74, 3, 15, true, 2);
INSERT INTO recipe_ingredients (id, "recipeId", "ingredientId", "grossWeightG", "applyColdProcessing", "processingTypeId") VALUES (251, 74, 1, 15, true, 2);
INSERT INTO recipe_ingredients (id, "recipeId", "ingredientId", "grossWeightG", "applyColdProcessing", "processingTypeId") VALUES (252, 74, 58, 7, false, 1);
INSERT INTO recipe_ingredients (id, "recipeId", "ingredientId", "grossWeightG", "applyColdProcessing", "processingTypeId") VALUES (253, 74, 25, 7, false, 2);
INSERT INTO recipe_ingredients (id, "recipeId", "ingredientId", "grossWeightG", "applyColdProcessing", "processingTypeId") VALUES (254, 74, 33, 22, false, 3);
INSERT INTO recipe_ingredients (id, "recipeId", "ingredientId", "grossWeightG", "applyColdProcessing", "processingTypeId") VALUES (255, 75, 64, 97, true, 3);
INSERT INTO recipe_ingredients (id, "recipeId", "ingredientId", "grossWeightG", "applyColdProcessing", "processingTypeId") VALUES (256, 75, 30, 68, false, 2);
INSERT INTO recipe_ingredients (id, "recipeId", "ingredientId", "grossWeightG", "applyColdProcessing", "processingTypeId") VALUES (257, 75, 8, 49, false, 2);
INSERT INTO recipe_ingredients (id, "recipeId", "ingredientId", "grossWeightG", "applyColdProcessing", "processingTypeId") VALUES (258, 75, 1, 20, true, 2);
INSERT INTO recipe_ingredients (id, "recipeId", "ingredientId", "grossWeightG", "applyColdProcessing", "processingTypeId") VALUES (259, 75, 40, 59, false, 1);
INSERT INTO recipe_ingredients (id, "recipeId", "ingredientId", "grossWeightG", "applyColdProcessing", "processingTypeId") VALUES (260, 75, 25, 9, false, 2);
INSERT INTO recipe_ingredients (id, "recipeId", "ingredientId", "grossWeightG", "applyColdProcessing", "processingTypeId") VALUES (261, 75, 33, 29, false, 3);
INSERT INTO recipe_ingredients (id, "recipeId", "ingredientId", "grossWeightG", "applyColdProcessing", "processingTypeId") VALUES (262, 74, 9, 74, false, 1);
INSERT INTO recipe_ingredients (id, "recipeId", "ingredientId", "grossWeightG", "applyColdProcessing", "processingTypeId") VALUES (263, 76, 2, 74, true, 2);
INSERT INTO recipe_ingredients (id, "recipeId", "ingredientId", "grossWeightG", "applyColdProcessing", "processingTypeId") VALUES (264, 76, 4, 74, true, 1);
INSERT INTO recipe_ingredients (id, "recipeId", "ingredientId", "grossWeightG", "applyColdProcessing", "processingTypeId") VALUES (265, 76, 1, 19, true, 2);
INSERT INTO recipe_ingredients (id, "recipeId", "ingredientId", "grossWeightG", "applyColdProcessing", "processingTypeId") VALUES (266, 76, 3, 111, true, 2);
INSERT INTO recipe_ingredients (id, "recipeId", "ingredientId", "grossWeightG", "applyColdProcessing", "processingTypeId") VALUES (267, 76, 5, 37, false, 1);
INSERT INTO recipe_ingredients (id, "recipeId", "ingredientId", "grossWeightG", "applyColdProcessing", "processingTypeId") VALUES (268, 77, 2, 0, false, 2);
INSERT INTO recipe_ingredients (id, "recipeId", "ingredientId", "grossWeightG", "applyColdProcessing", "processingTypeId") VALUES (269, 77, 1, 0, true, 2);
INSERT INTO recipe_ingredients (id, "recipeId", "ingredientId", "grossWeightG", "applyColdProcessing", "processingTypeId") VALUES (270, 77, 11, 0, true, 2);
INSERT INTO recipe_ingredients (id, "recipeId", "ingredientId", "grossWeightG", "applyColdProcessing", "processingTypeId") VALUES (271, 77, 8, 0, false, 2);
INSERT INTO recipe_ingredients (id, "recipeId", "ingredientId", "grossWeightG", "applyColdProcessing", "processingTypeId") VALUES (272, 77, 53, 0, true, 1);
INSERT INTO recipe_ingredients (id, "recipeId", "ingredientId", "grossWeightG", "applyColdProcessing", "processingTypeId") VALUES (273, 77, 16, 0, false, 1);
INSERT INTO recipe_ingredients (id, "recipeId", "ingredientId", "grossWeightG", "applyColdProcessing", "processingTypeId") VALUES (274, 77, 58, 0, false, 2);
INSERT INTO recipe_ingredients (id, "recipeId", "ingredientId", "grossWeightG", "applyColdProcessing", "processingTypeId") VALUES (275, 78, 2, 102, true, 1);
INSERT INTO recipe_ingredients (id, "recipeId", "ingredientId", "grossWeightG", "applyColdProcessing", "processingTypeId") VALUES (276, 78, 18, 89, true, 2);
INSERT INTO recipe_ingredients (id, "recipeId", "ingredientId", "grossWeightG", "applyColdProcessing", "processingTypeId") VALUES (277, 78, 69, 120, false, 1);
INSERT INTO recipe_ingredients (id, "recipeId", "ingredientId", "grossWeightG", "applyColdProcessing", "processingTypeId") VALUES (278, 78, 35, 45, false, 2);
INSERT INTO recipe_ingredients (id, "recipeId", "ingredientId", "grossWeightG", "applyColdProcessing", "processingTypeId") VALUES (279, 78, 1, 40, true, 2);
INSERT INTO recipe_ingredients (id, "recipeId", "ingredientId", "grossWeightG", "applyColdProcessing", "processingTypeId") VALUES (280, 78, 58, 3, false, 1);
INSERT INTO recipe_ingredients (id, "recipeId", "ingredientId", "grossWeightG", "applyColdProcessing", "processingTypeId") VALUES (281, 79, 19, 409, true, 2);
INSERT INTO recipe_ingredients (id, "recipeId", "ingredientId", "grossWeightG", "applyColdProcessing", "processingTypeId") VALUES (282, 79, 4, 406, false, 1);
INSERT INTO recipe_ingredients (id, "recipeId", "ingredientId", "grossWeightG", "applyColdProcessing", "processingTypeId") VALUES (283, 79, 3, 430, true, 2);
INSERT INTO recipe_ingredients (id, "recipeId", "ingredientId", "grossWeightG", "applyColdProcessing", "processingTypeId") VALUES (284, 79, 1, 288, true, 2);
INSERT INTO recipe_ingredients (id, "recipeId", "ingredientId", "grossWeightG", "applyColdProcessing", "processingTypeId") VALUES (285, 79, 5, 104, false, 2);
INSERT INTO recipe_ingredients (id, "recipeId", "ingredientId", "grossWeightG", "applyColdProcessing", "processingTypeId") VALUES (286, 80, 19, 410, true, 2);
INSERT INTO recipe_ingredients (id, "recipeId", "ingredientId", "grossWeightG", "applyColdProcessing", "processingTypeId") VALUES (287, 80, 3, 145, true, 2);
INSERT INTO recipe_ingredients (id, "recipeId", "ingredientId", "grossWeightG", "applyColdProcessing", "processingTypeId") VALUES (288, 80, 39, 280, true, 2);
INSERT INTO recipe_ingredients (id, "recipeId", "ingredientId", "grossWeightG", "applyColdProcessing", "processingTypeId") VALUES (289, 80, 1, 199, true, 2);
INSERT INTO recipe_ingredients (id, "recipeId", "ingredientId", "grossWeightG", "applyColdProcessing", "processingTypeId") VALUES (290, 80, 5, 65, false, 2);
INSERT INTO recipe_ingredients (id, "recipeId", "ingredientId", "grossWeightG", "applyColdProcessing", "processingTypeId") VALUES (291, 80, 4, 200, false, 1);
INSERT INTO recipe_ingredients (id, "recipeId", "ingredientId", "grossWeightG", "applyColdProcessing", "processingTypeId") VALUES (292, 80, 70, 42, false, 4);
INSERT INTO recipe_ingredients (id, "recipeId", "ingredientId", "grossWeightG", "applyColdProcessing", "processingTypeId") VALUES (293, 80, 72, 7, true, 2);
INSERT INTO recipe_ingredients (id, "recipeId", "ingredientId", "grossWeightG", "applyColdProcessing", "processingTypeId") VALUES (294, 80, 57, 106, false, 2);
INSERT INTO recipe_ingredients (id, "recipeId", "ingredientId", "grossWeightG", "applyColdProcessing", "processingTypeId") VALUES (295, 80, 73, 3, true, 2);
INSERT INTO recipe_ingredients (id, "recipeId", "ingredientId", "grossWeightG", "applyColdProcessing", "processingTypeId") VALUES (296, 80, 71, 17, false, 4);
INSERT INTO recipe_ingredients (id, "recipeId", "ingredientId", "grossWeightG", "applyColdProcessing", "processingTypeId") VALUES (297, 81, 38, 170, true, 2);
INSERT INTO recipe_ingredients (id, "recipeId", "ingredientId", "grossWeightG", "applyColdProcessing", "processingTypeId") VALUES (298, 81, 1, 48, true, 2);
INSERT INTO recipe_ingredients (id, "recipeId", "ingredientId", "grossWeightG", "applyColdProcessing", "processingTypeId") VALUES (299, 81, 8, 40, false, 1);
INSERT INTO recipe_ingredients (id, "recipeId", "ingredientId", "grossWeightG", "applyColdProcessing", "processingTypeId") VALUES (300, 81, 72, 4, true, 1);
INSERT INTO recipe_ingredients (id, "recipeId", "ingredientId", "grossWeightG", "applyColdProcessing", "processingTypeId") VALUES (301, 81, 16, 128, false, 1);
INSERT INTO recipe_ingredients (id, "recipeId", "ingredientId", "grossWeightG", "applyColdProcessing", "processingTypeId") VALUES (302, 81, 5, 6, false, 2);
INSERT INTO recipe_ingredients (id, "recipeId", "ingredientId", "grossWeightG", "applyColdProcessing", "processingTypeId") VALUES (303, 18, 11, 177, true, 2);
INSERT INTO recipe_ingredients (id, "recipeId", "ingredientId", "grossWeightG", "applyColdProcessing", "processingTypeId") VALUES (304, 18, 5, 9, false, 2);
INSERT INTO recipe_ingredients (id, "recipeId", "ingredientId", "grossWeightG", "applyColdProcessing", "processingTypeId") VALUES (305, 84, 49, 410, true, 2);
INSERT INTO recipe_ingredients (id, "recipeId", "ingredientId", "grossWeightG", "applyColdProcessing", "processingTypeId") VALUES (306, 84, 18, 398, true, 2);
INSERT INTO recipe_ingredients (id, "recipeId", "ingredientId", "grossWeightG", "applyColdProcessing", "processingTypeId") VALUES (307, 84, 1, 208, true, 2);
INSERT INTO recipe_ingredients (id, "recipeId", "ingredientId", "grossWeightG", "applyColdProcessing", "processingTypeId") VALUES (308, 84, 40, 350, false, 1);
INSERT INTO recipe_ingredients (id, "recipeId", "ingredientId", "grossWeightG", "applyColdProcessing", "processingTypeId") VALUES (309, 84, 58, 27, false, 2);
INSERT INTO recipe_ingredients (id, "recipeId", "ingredientId", "grossWeightG", "applyColdProcessing", "processingTypeId") VALUES (310, 84, 33, 102, false, 3);
INSERT INTO recipe_ingredients (id, "recipeId", "ingredientId", "grossWeightG", "applyColdProcessing", "processingTypeId") VALUES (311, 84, 25, 37, false, 2);
INSERT INTO recipe_ingredients (id, "recipeId", "ingredientId", "grossWeightG", "applyColdProcessing", "processingTypeId") VALUES (312, 84, 5, 70, false, 2);
INSERT INTO recipe_ingredients (id, "recipeId", "ingredientId", "grossWeightG", "applyColdProcessing", "processingTypeId") VALUES (313, 85, 16, 259, false, 1);
INSERT INTO recipe_ingredients (id, "recipeId", "ingredientId", "grossWeightG", "applyColdProcessing", "processingTypeId") VALUES (314, 85, 2, 75, true, 1);
INSERT INTO recipe_ingredients (id, "recipeId", "ingredientId", "grossWeightG", "applyColdProcessing", "processingTypeId") VALUES (315, 85, 1, 34, true, 2);
INSERT INTO recipe_ingredients (id, "recipeId", "ingredientId", "grossWeightG", "applyColdProcessing", "processingTypeId") VALUES (316, 85, 53, 45, true, 1);
INSERT INTO recipe_ingredients (id, "recipeId", "ingredientId", "grossWeightG", "applyColdProcessing", "processingTypeId") VALUES (317, 85, 8, 15, false, 1);
INSERT INTO recipe_ingredients (id, "recipeId", "ingredientId", "grossWeightG", "applyColdProcessing", "processingTypeId") VALUES (318, 85, 75, 31, true, 1);
INSERT INTO recipe_ingredients (id, "recipeId", "ingredientId", "grossWeightG", "applyColdProcessing", "processingTypeId") VALUES (319, 85, 15, 34, true, 1);
INSERT INTO recipe_ingredients (id, "recipeId", "ingredientId", "grossWeightG", "applyColdProcessing", "processingTypeId") VALUES (320, 85, 76, 8, false, 1);
INSERT INTO recipe_ingredients (id, "recipeId", "ingredientId", "grossWeightG", "applyColdProcessing", "processingTypeId") VALUES (321, 86, 3, 15000, true, 2);
INSERT INTO recipe_ingredients (id, "recipeId", "ingredientId", "grossWeightG", "applyColdProcessing", "processingTypeId") VALUES (322, 86, 1, 6000, true, 2);
INSERT INTO recipe_ingredients (id, "recipeId", "ingredientId", "grossWeightG", "applyColdProcessing", "processingTypeId") VALUES (323, 86, 2, 12000, true, 2);
INSERT INTO recipe_ingredients (id, "recipeId", "ingredientId", "grossWeightG", "applyColdProcessing", "processingTypeId") VALUES (324, 86, 6, 5000, true, 2);
INSERT INTO recipe_ingredients (id, "recipeId", "ingredientId", "grossWeightG", "applyColdProcessing", "processingTypeId") VALUES (325, 86, 64, 5000, true, 2);
INSERT INTO recipe_ingredients (id, "recipeId", "ingredientId", "grossWeightG", "applyColdProcessing", "processingTypeId") VALUES (326, 86, 39, 5000, true, 2);
INSERT INTO recipe_ingredients (id, "recipeId", "ingredientId", "grossWeightG", "applyColdProcessing", "processingTypeId") VALUES (327, 86, 28, 7500, true, 1);
INSERT INTO recipe_ingredients (id, "recipeId", "ingredientId", "grossWeightG", "applyColdProcessing", "processingTypeId") VALUES (328, 86, 28, 7500, true, 4);
INSERT INTO recipe_ingredients (id, "recipeId", "ingredientId", "grossWeightG", "applyColdProcessing", "processingTypeId") VALUES (329, 86, 4, 10000, false, 1);
INSERT INTO recipe_ingredients (id, "recipeId", "ingredientId", "grossWeightG", "applyColdProcessing", "processingTypeId") VALUES (330, 86, 2, 12000, true, 1);
INSERT INTO recipe_ingredients (id, "recipeId", "ingredientId", "grossWeightG", "applyColdProcessing", "processingTypeId") VALUES (331, 87, 37, 120, true, 2);
INSERT INTO recipe_ingredients (id, "recipeId", "ingredientId", "grossWeightG", "applyColdProcessing", "processingTypeId") VALUES (332, 87, 1, 36, true, 2);
INSERT INTO recipe_ingredients (id, "recipeId", "ingredientId", "grossWeightG", "applyColdProcessing", "processingTypeId") VALUES (333, 87, 3, 36, true, 2);
INSERT INTO recipe_ingredients (id, "recipeId", "ingredientId", "grossWeightG", "applyColdProcessing", "processingTypeId") VALUES (334, 87, 56, 1, true, 2);
INSERT INTO recipe_ingredients (id, "recipeId", "ingredientId", "grossWeightG", "applyColdProcessing", "processingTypeId") VALUES (335, 87, 72, 1, true, 2);
INSERT INTO recipe_ingredients (id, "recipeId", "ingredientId", "grossWeightG", "applyColdProcessing", "processingTypeId") VALUES (336, 88, 28, 50, true, 4);
INSERT INTO recipe_ingredients (id, "recipeId", "ingredientId", "grossWeightG", "applyColdProcessing", "processingTypeId") VALUES (337, 88, 78, 50, true, 4);
INSERT INTO recipe_ingredients (id, "recipeId", "ingredientId", "grossWeightG", "applyColdProcessing", "processingTypeId") VALUES (338, 89, 79, 600, true, 1);
INSERT INTO recipe_ingredients (id, "recipeId", "ingredientId", "grossWeightG", "applyColdProcessing", "processingTypeId") VALUES (339, 89, 14, 150, true, 1);
INSERT INTO recipe_ingredients (id, "recipeId", "ingredientId", "grossWeightG", "applyColdProcessing", "processingTypeId") VALUES (340, 89, 3, 300, true, 1);
INSERT INTO recipe_ingredients (id, "recipeId", "ingredientId", "grossWeightG", "applyColdProcessing", "processingTypeId") VALUES (341, 89, 24, 100, true, 4);
INSERT INTO recipe_ingredients (id, "recipeId", "ingredientId", "grossWeightG", "applyColdProcessing", "processingTypeId") VALUES (342, 90, 79, 98, true, 1);
INSERT INTO recipe_ingredients (id, "recipeId", "ingredientId", "grossWeightG", "applyColdProcessing", "processingTypeId") VALUES (343, 90, 14, 25, true, 1);
INSERT INTO recipe_ingredients (id, "recipeId", "ingredientId", "grossWeightG", "applyColdProcessing", "processingTypeId") VALUES (344, 90, 3, 49, true, 1);
INSERT INTO recipe_ingredients (id, "recipeId", "ingredientId", "grossWeightG", "applyColdProcessing", "processingTypeId") VALUES (345, 90, 24, 16, true, 4);
INSERT INTO recipe_ingredients (id, "recipeId", "ingredientId", "grossWeightG", "applyColdProcessing", "processingTypeId") VALUES (346, 90, 51, 8, false, 4);
INSERT INTO recipe_ingredients (id, "recipeId", "ingredientId", "grossWeightG", "applyColdProcessing", "processingTypeId") VALUES (347, 91, 37, 58, true, 1);
INSERT INTO recipe_ingredients (id, "recipeId", "ingredientId", "grossWeightG", "applyColdProcessing", "processingTypeId") VALUES (348, 91, 1, 5, true, 1);
INSERT INTO recipe_ingredients (id, "recipeId", "ingredientId", "grossWeightG", "applyColdProcessing", "processingTypeId") VALUES (349, 91, 11, 97, true, 1);
INSERT INTO recipe_ingredients (id, "recipeId", "ingredientId", "grossWeightG", "applyColdProcessing", "processingTypeId") VALUES (350, 91, 6, 97, true, 1);
INSERT INTO recipe_ingredients (id, "recipeId", "ingredientId", "grossWeightG", "applyColdProcessing", "processingTypeId") VALUES (351, 91, 3, 29, true, 1);
INSERT INTO recipe_ingredients (id, "recipeId", "ingredientId", "grossWeightG", "applyColdProcessing", "processingTypeId") VALUES (352, 91, 72, 1, true, 1);
INSERT INTO recipe_ingredients (id, "recipeId", "ingredientId", "grossWeightG", "applyColdProcessing", "processingTypeId") VALUES (353, 91, 16, 292, false, 1);
INSERT INTO recipe_ingredients (id, "recipeId", "ingredientId", "grossWeightG", "applyColdProcessing", "processingTypeId") VALUES (354, 92, 80, 80, false, 1);
INSERT INTO recipe_ingredients (id, "recipeId", "ingredientId", "grossWeightG", "applyColdProcessing", "processingTypeId") VALUES (355, 92, 22, 100, false, 2);
INSERT INTO recipe_ingredients (id, "recipeId", "ingredientId", "grossWeightG", "applyColdProcessing", "processingTypeId") VALUES (356, 92, 5, 0, false, 2);
INSERT INTO recipe_ingredients (id, "recipeId", "ingredientId", "grossWeightG", "applyColdProcessing", "processingTypeId") VALUES (357, 93, 81, 59, true, 4);
INSERT INTO recipe_ingredients (id, "recipeId", "ingredientId", "grossWeightG", "applyColdProcessing", "processingTypeId") VALUES (358, 93, 59, 59, true, 1);
INSERT INTO recipe_ingredients (id, "recipeId", "ingredientId", "grossWeightG", "applyColdProcessing", "processingTypeId") VALUES (359, 93, 3, 37, true, 1);
INSERT INTO recipe_ingredients (id, "recipeId", "ingredientId", "grossWeightG", "applyColdProcessing", "processingTypeId") VALUES (360, 93, 11, 22, true, 1);
INSERT INTO recipe_ingredients (id, "recipeId", "ingredientId", "grossWeightG", "applyColdProcessing", "processingTypeId") VALUES (361, 93, 1, 15, true, 4);
INSERT INTO recipe_ingredients (id, "recipeId", "ingredientId", "grossWeightG", "applyColdProcessing", "processingTypeId") VALUES (362, 93, 51, 52, false, 4);

-- Menu plans
INSERT INTO menu_plans (id, name, date) VALUES (2, 'Супер план', '2018-04-11');
INSERT INTO menu_plans (id, name, date) VALUES (3, 'Мега план', '2018-04-20');
INSERT INTO menu_plans (id, name, date) VALUES (4, 'Тест Йопта', '2018-04-14');
INSERT INTO menu_plans (id, name, date) VALUES (5, '111', '2018-04-29');
INSERT INTO menu_plans (id, name, date) VALUES (6, 'Каша', '2018-04-25');
INSERT INTO menu_plans (id, name, date) VALUES (8, 'Ышо Тест', '2018-11-26');
INSERT INTO menu_plans (id, name, date) VALUES (10, 'Тест группировки', '2018-12-05');
INSERT INTO menu_plans (id, name, date) VALUES (12, 'Ретрит 13-14.04', '2019-04-13');
INSERT INTO menu_plans (id, name, date) VALUES (13, 'Внезапный', '2019-04-29');
INSERT INTO menu_plans (id, name, date) VALUES (14, 'Ретрит с Мишей', '2019-08-17');
INSERT INTO menu_plans (id, name, date) VALUES (15, 'Ретрит с Мариной и Антоном', '2019-11-02');
INSERT INTO menu_plans (id, name, date) VALUES (16, 'Ретрит с Наташей', '2019-12-14');
INSERT INTO menu_plans (id, name, date) VALUES (17, 'Автобусный тур', '2019-12-17');
INSERT INTO menu_plans (id, name, date) VALUES (20, 'Ретирит с Сандомирским', '2020-02-22');
INSERT INTO menu_plans (id, name, date) VALUES (21, 'Лазаньи', '2020-03-07');
INSERT INTO menu_plans (id, name, date) VALUES (22, 'Ретрит 4-11', '2021-11-04');
INSERT INTO menu_plans (id, name, date) VALUES (1, 'План тест', '2018-12-06');

-- Menu plan items
INSERT INTO menu_plan_items (id, "menuPlanId", "recipeId", "mealType", servings) VALUES (1, 9, 7, 'BREAKFAST'::meal_type, 10);
INSERT INTO menu_plan_items (id, "menuPlanId", "recipeId", "mealType", servings) VALUES (2, 1, 1, 'BREAKFAST'::meal_type, 10);
INSERT INTO menu_plan_items (id, "menuPlanId", "recipeId", "mealType", servings) VALUES (3, 2, 3, 'LUNCH'::meal_type, 15);
INSERT INTO menu_plan_items (id, "menuPlanId", "recipeId", "mealType", servings) VALUES (4, 5, 7, 'BREAKFAST'::meal_type, 20);
INSERT INTO menu_plan_items (id, "menuPlanId", "recipeId", "mealType", servings) VALUES (5, 6, 3, 'LUNCH'::meal_type, 20);
INSERT INTO menu_plan_items (id, "menuPlanId", "recipeId", "mealType", servings) VALUES (6, 7, 4, 'DINNER'::meal_type, 20);
INSERT INTO menu_plan_items (id, "menuPlanId", "recipeId", "mealType", servings) VALUES (7, 8, 3, 'LUNCH'::meal_type, 100);
INSERT INTO menu_plan_items (id, "menuPlanId", "recipeId", "mealType", servings) VALUES (8, 10, 1, 'BREAKFAST'::meal_type, 10);
INSERT INTO menu_plan_items (id, "menuPlanId", "recipeId", "mealType", servings) VALUES (9, 11, 6, 'LUNCH'::meal_type, 15);
INSERT INTO menu_plan_items (id, "menuPlanId", "recipeId", "mealType", servings) VALUES (10, 12, 3, 'LUNCH'::meal_type, 15);
INSERT INTO menu_plan_items (id, "menuPlanId", "recipeId", "mealType", servings) VALUES (11, 13, 4, 'DINNER'::meal_type, 20);
INSERT INTO menu_plan_items (id, "menuPlanId", "recipeId", "mealType", servings) VALUES (12, 14, 10, 'DINNER'::meal_type, 20);
INSERT INTO menu_plan_items (id, "menuPlanId", "recipeId", "mealType", servings) VALUES (13, 16, 1, 'BREAKFAST'::meal_type, 5);
INSERT INTO menu_plan_items (id, "menuPlanId", "recipeId", "mealType", servings) VALUES (14, 17, 9, 'BREAKFAST'::meal_type, 10);
INSERT INTO menu_plan_items (id, "menuPlanId", "recipeId", "mealType", servings) VALUES (15, 18, 6, 'LUNCH'::meal_type, 6);
INSERT INTO menu_plan_items (id, "menuPlanId", "recipeId", "mealType", servings) VALUES (16, 19, 3, 'LUNCH'::meal_type, 15);
INSERT INTO menu_plan_items (id, "menuPlanId", "recipeId", "mealType", servings) VALUES (17, 20, 4, 'DINNER'::meal_type, 10);
INSERT INTO menu_plan_items (id, "menuPlanId", "recipeId", "mealType", servings) VALUES (18, 21, 2, 'DINNER'::meal_type, 10);
INSERT INTO menu_plan_items (id, "menuPlanId", "recipeId", "mealType", servings) VALUES (19, 22, 1, 'BREAKFAST'::meal_type, 10);
INSERT INTO menu_plan_items (id, "menuPlanId", "recipeId", "mealType", servings) VALUES (20, 23, 1, 'BREAKFAST'::meal_type, 20);
INSERT INTO menu_plan_items (id, "menuPlanId", "recipeId", "mealType", servings) VALUES (21, 24, 2, 'LUNCH'::meal_type, 11);
INSERT INTO menu_plan_items (id, "menuPlanId", "recipeId", "mealType", servings) VALUES (22, 25, 2, 'BREAKFAST'::meal_type, 10);
INSERT INTO menu_plan_items (id, "menuPlanId", "recipeId", "mealType", servings) VALUES (23, 26, 2, 'LUNCH'::meal_type, 20);
INSERT INTO menu_plan_items (id, "menuPlanId", "recipeId", "mealType", servings) VALUES (24, 27, 20, 'BREAKFAST'::meal_type, 10);
INSERT INTO menu_plan_items (id, "menuPlanId", "recipeId", "mealType", servings) VALUES (25, 29, 20, 'DINNER'::meal_type, 24);
INSERT INTO menu_plan_items (id, "menuPlanId", "recipeId", "mealType", servings) VALUES (26, 31, 23, 'BREAKFAST'::meal_type, 28);
INSERT INTO menu_plan_items (id, "menuPlanId", "recipeId", "mealType", servings) VALUES (27, 32, 25, 'BREAKFAST'::meal_type, 28);
INSERT INTO menu_plan_items (id, "menuPlanId", "recipeId", "mealType", servings) VALUES (28, 36, 30, 'LUNCH'::meal_type, 3);
INSERT INTO menu_plan_items (id, "menuPlanId", "recipeId", "mealType", servings) VALUES (29, 37, 31, 'LUNCH'::meal_type, 3);
INSERT INTO menu_plan_items (id, "menuPlanId", "recipeId", "mealType", servings) VALUES (30, 38, 29, 'LUNCH'::meal_type, 30);
INSERT INTO menu_plan_items (id, "menuPlanId", "recipeId", "mealType", servings) VALUES (31, 39, 39, 'DINNER'::meal_type, 30);
INSERT INTO menu_plan_items (id, "menuPlanId", "recipeId", "mealType", servings) VALUES (32, 40, 32, 'BREAKFAST'::meal_type, 30);
INSERT INTO menu_plan_items (id, "menuPlanId", "recipeId", "mealType", servings) VALUES (33, 42, 26, 'BREAKFAST'::meal_type, 30);
INSERT INTO menu_plan_items (id, "menuPlanId", "recipeId", "mealType", servings) VALUES (34, 43, 34, 'BREAKFAST'::meal_type, 3);
INSERT INTO menu_plan_items (id, "menuPlanId", "recipeId", "mealType", servings) VALUES (35, 44, 35, 'LUNCH'::meal_type, 15);
INSERT INTO menu_plan_items (id, "menuPlanId", "recipeId", "mealType", servings) VALUES (36, 45, 40, 'LUNCH'::meal_type, 15);
INSERT INTO menu_plan_items (id, "menuPlanId", "recipeId", "mealType", servings) VALUES (37, 46, 36, 'LUNCH'::meal_type, 30);
INSERT INTO menu_plan_items (id, "menuPlanId", "recipeId", "mealType", servings) VALUES (38, 47, 37, 'LUNCH'::meal_type, 3);
INSERT INTO menu_plan_items (id, "menuPlanId", "recipeId", "mealType", servings) VALUES (39, 48, 38, 'LUNCH'::meal_type, 3);
INSERT INTO menu_plan_items (id, "menuPlanId", "recipeId", "mealType", servings) VALUES (40, 49, 25, 'LUNCH'::meal_type, 3);
INSERT INTO menu_plan_items (id, "menuPlanId", "recipeId", "mealType", servings) VALUES (41, 51, 42, 'DINNER'::meal_type, 20);
INSERT INTO menu_plan_items (id, "menuPlanId", "recipeId", "mealType", servings) VALUES (42, 52, 43, 'DINNER'::meal_type, 20);
INSERT INTO menu_plan_items (id, "menuPlanId", "recipeId", "mealType", servings) VALUES (43, 54, 33, 'BREAKFAST'::meal_type, 39);
INSERT INTO menu_plan_items (id, "menuPlanId", "recipeId", "mealType", servings) VALUES (44, 57, 45, 'LUNCH'::meal_type, 44);
INSERT INTO menu_plan_items (id, "menuPlanId", "recipeId", "mealType", servings) VALUES (45, 60, 51, 'DINNER'::meal_type, 45);
INSERT INTO menu_plan_items (id, "menuPlanId", "recipeId", "mealType", servings) VALUES (46, 61, 49, 'DINNER'::meal_type, 45);
INSERT INTO menu_plan_items (id, "menuPlanId", "recipeId", "mealType", servings) VALUES (47, 62, 23, 'BREAKFAST'::meal_type, 46);
INSERT INTO menu_plan_items (id, "menuPlanId", "recipeId", "mealType", servings) VALUES (48, 66, 49, 'LUNCH'::meal_type, 37);
INSERT INTO menu_plan_items (id, "menuPlanId", "recipeId", "mealType", servings) VALUES (49, 67, 52, 'DINNER'::meal_type, 25);
INSERT INTO menu_plan_items (id, "menuPlanId", "recipeId", "mealType", servings) VALUES (50, 68, 49, 'DINNER'::meal_type, 25);
INSERT INTO menu_plan_items (id, "menuPlanId", "recipeId", "mealType", servings) VALUES (51, 69, 23, 'BREAKFAST'::meal_type, 15);
INSERT INTO menu_plan_items (id, "menuPlanId", "recipeId", "mealType", servings) VALUES (52, 70, 33, 'BREAKFAST'::meal_type, 15);
INSERT INTO menu_plan_items (id, "menuPlanId", "recipeId", "mealType", servings) VALUES (53, 71, 26, 'BREAKFAST'::meal_type, 15);
INSERT INTO menu_plan_items (id, "menuPlanId", "recipeId", "mealType", servings) VALUES (54, 72, 54, 'LUNCH'::meal_type, 22);
INSERT INTO menu_plan_items (id, "menuPlanId", "recipeId", "mealType", servings) VALUES (55, 73, 55, 'LUNCH'::meal_type, 22);
INSERT INTO menu_plan_items (id, "menuPlanId", "recipeId", "mealType", servings) VALUES (56, 74, 51, 'LUNCH'::meal_type, 3);
INSERT INTO menu_plan_items (id, "menuPlanId", "recipeId", "mealType", servings) VALUES (57, 75, 49, 'LUNCH'::meal_type, 22);
INSERT INTO menu_plan_items (id, "menuPlanId", "recipeId", "mealType", servings) VALUES (58, 76, 28, 'DINNER'::meal_type, 22);
INSERT INTO menu_plan_items (id, "menuPlanId", "recipeId", "mealType", servings) VALUES (59, 77, 56, 'DINNER'::meal_type, 22);
INSERT INTO menu_plan_items (id, "menuPlanId", "recipeId", "mealType", servings) VALUES (60, 78, 57, 'DINNER'::meal_type, 22);
INSERT INTO menu_plan_items (id, "menuPlanId", "recipeId", "mealType", servings) VALUES (61, 79, 49, 'DINNER'::meal_type, 22);
INSERT INTO menu_plan_items (id, "menuPlanId", "recipeId", "mealType", servings) VALUES (62, 80, 32, 'BREAKFAST'::meal_type, 22);
INSERT INTO menu_plan_items (id, "menuPlanId", "recipeId", "mealType", servings) VALUES (63, 81, 25, 'BREAKFAST'::meal_type, 22);
INSERT INTO menu_plan_items (id, "menuPlanId", "recipeId", "mealType", servings) VALUES (64, 82, 26, 'BREAKFAST'::meal_type, 22);
INSERT INTO menu_plan_items (id, "menuPlanId", "recipeId", "mealType", servings) VALUES (65, 83, 58, 'LUNCH'::meal_type, 28);
INSERT INTO menu_plan_items (id, "menuPlanId", "recipeId", "mealType", servings) VALUES (66, 84, 29, 'LUNCH'::meal_type, 28);
INSERT INTO menu_plan_items (id, "menuPlanId", "recipeId", "mealType", servings) VALUES (67, 86, 46, 'DINNER'::meal_type, 28);
INSERT INTO menu_plan_items (id, "menuPlanId", "recipeId", "mealType", servings) VALUES (68, 87, 53, 'DINNER'::meal_type, 28);
INSERT INTO menu_plan_items (id, "menuPlanId", "recipeId", "mealType", servings) VALUES (69, 88, 59, 'DINNER'::meal_type, 26);
INSERT INTO menu_plan_items (id, "menuPlanId", "recipeId", "mealType", servings) VALUES (70, 89, 51, 'DINNER'::meal_type, 3);
INSERT INTO menu_plan_items (id, "menuPlanId", "recipeId", "mealType", servings) VALUES (71, 90, 49, 'DINNER'::meal_type, 28);
INSERT INTO menu_plan_items (id, "menuPlanId", "recipeId", "mealType", servings) VALUES (72, 91, 60, 'BREAKFAST'::meal_type, 20);
INSERT INTO menu_plan_items (id, "menuPlanId", "recipeId", "mealType", servings) VALUES (73, 92, 33, 'BREAKFAST'::meal_type, 20);
INSERT INTO menu_plan_items (id, "menuPlanId", "recipeId", "mealType", servings) VALUES (74, 93, 26, 'BREAKFAST'::meal_type, 20);
INSERT INTO menu_plan_items (id, "menuPlanId", "recipeId", "mealType", servings) VALUES (75, 94, 61, 'LUNCH'::meal_type, 17);
INSERT INTO menu_plan_items (id, "menuPlanId", "recipeId", "mealType", servings) VALUES (76, 95, 43, 'LUNCH'::meal_type, 15);
INSERT INTO menu_plan_items (id, "menuPlanId", "recipeId", "mealType", servings) VALUES (77, 97, 49, 'LUNCH'::meal_type, 15);
INSERT INTO menu_plan_items (id, "menuPlanId", "recipeId", "mealType", servings) VALUES (78, 98, 33, 'DINNER'::meal_type, 7);
INSERT INTO menu_plan_items (id, "menuPlanId", "recipeId", "mealType", servings) VALUES (79, 102, 65, 'LUNCH'::meal_type, 20);
INSERT INTO menu_plan_items (id, "menuPlanId", "recipeId", "mealType", servings) VALUES (80, 103, 51, 'LUNCH'::meal_type, 20);
INSERT INTO menu_plan_items (id, "menuPlanId", "recipeId", "mealType", servings) VALUES (81, 105, 67, 'DINNER'::meal_type, 21);
INSERT INTO menu_plan_items (id, "menuPlanId", "recipeId", "mealType", servings) VALUES (82, 107, 26, 'BREAKFAST'::meal_type, 18);
INSERT INTO menu_plan_items (id, "menuPlanId", "recipeId", "mealType", servings) VALUES (83, 108, 66, 'LUNCH'::meal_type, 13);
INSERT INTO menu_plan_items (id, "menuPlanId", "recipeId", "mealType", servings) VALUES (84, 137, 33, 'BREAKFAST'::meal_type, 15);
INSERT INTO menu_plan_items (id, "menuPlanId", "recipeId", "mealType", servings) VALUES (85, 139, 54, 'LUNCH'::meal_type, 28);
INSERT INTO menu_plan_items (id, "menuPlanId", "recipeId", "mealType", servings) VALUES (86, 141, 72, 'LUNCH'::meal_type, 23);
INSERT INTO menu_plan_items (id, "menuPlanId", "recipeId", "mealType", servings) VALUES (87, 142, 59, 'DINNER'::meal_type, 33);
INSERT INTO menu_plan_items (id, "menuPlanId", "recipeId", "mealType", servings) VALUES (88, 143, 70, 'DINNER'::meal_type, 33);
INSERT INTO menu_plan_items (id, "menuPlanId", "recipeId", "mealType", servings) VALUES (89, 144, 20, 'DINNER'::meal_type, 33);
INSERT INTO menu_plan_items (id, "menuPlanId", "recipeId", "mealType", servings) VALUES (90, 145, 23, 'BREAKFAST'::meal_type, 33);
INSERT INTO menu_plan_items (id, "menuPlanId", "recipeId", "mealType", servings) VALUES (91, 146, 33, 'BREAKFAST'::meal_type, 33);
INSERT INTO menu_plan_items (id, "menuPlanId", "recipeId", "mealType", servings) VALUES (92, 147, 26, 'BREAKFAST'::meal_type, 33);
INSERT INTO menu_plan_items (id, "menuPlanId", "recipeId", "mealType", servings) VALUES (93, 148, 58, 'LUNCH'::meal_type, 33);
INSERT INTO menu_plan_items (id, "menuPlanId", "recipeId", "mealType", servings) VALUES (94, 149, 35, 'LUNCH'::meal_type, 33);
INSERT INTO menu_plan_items (id, "menuPlanId", "recipeId", "mealType", servings) VALUES (95, 150, 46, 'DINNER'::meal_type, 30);
INSERT INTO menu_plan_items (id, "menuPlanId", "recipeId", "mealType", servings) VALUES (96, 154, 26, 'BREAKFAST'::meal_type, 27);
INSERT INTO menu_plan_items (id, "menuPlanId", "recipeId", "mealType", servings) VALUES (97, 155, 71, 'LUNCH'::meal_type, 22);
INSERT INTO menu_plan_items (id, "menuPlanId", "recipeId", "mealType", servings) VALUES (98, 156, 51, 'LUNCH'::meal_type, 22);
INSERT INTO menu_plan_items (id, "menuPlanId", "recipeId", "mealType", servings) VALUES (99, 158, 33, 'DINNER'::meal_type, 13);
INSERT INTO menu_plan_items (id, "menuPlanId", "recipeId", "mealType", servings) VALUES (100, 159, 49, null, 143);
INSERT INTO menu_plan_items (id, "menuPlanId", "recipeId", "mealType", servings) VALUES (101, 161, 75, 'LUNCH'::meal_type, 6);
INSERT INTO menu_plan_items (id, "menuPlanId", "recipeId", "mealType", servings) VALUES (102, 163, 51, 'DINNER'::meal_type, 14);
INSERT INTO menu_plan_items (id, "menuPlanId", "recipeId", "mealType", servings) VALUES (103, 164, 30, 'DINNER'::meal_type, 28);
INSERT INTO menu_plan_items (id, "menuPlanId", "recipeId", "mealType", servings) VALUES (104, 167, 33, 'BREAKFAST'::meal_type, 13);
INSERT INTO menu_plan_items (id, "menuPlanId", "recipeId", "mealType", servings) VALUES (105, 168, 60, 'BREAKFAST'::meal_type, 13);
INSERT INTO menu_plan_items (id, "menuPlanId", "recipeId", "mealType", servings) VALUES (106, 170, 49, 'LUNCH'::meal_type, 14);
INSERT INTO menu_plan_items (id, "menuPlanId", "recipeId", "mealType", servings) VALUES (107, 171, 35, 'LUNCH'::meal_type, 14);
INSERT INTO menu_plan_items (id, "menuPlanId", "recipeId", "mealType", servings) VALUES (108, 172, 28, 'DINNER'::meal_type, 14);
INSERT INTO menu_plan_items (id, "menuPlanId", "recipeId", "mealType", servings) VALUES (109, 175, 26, 'BREAKFAST'::meal_type, 13);
INSERT INTO menu_plan_items (id, "menuPlanId", "recipeId", "mealType", servings) VALUES (110, 177, 33, 'BREAKFAST'::meal_type, 13);
INSERT INTO menu_plan_items (id, "menuPlanId", "recipeId", "mealType", servings) VALUES (111, 178, 54, 'LUNCH'::meal_type, 14);
INSERT INTO menu_plan_items (id, "menuPlanId", "recipeId", "mealType", servings) VALUES (112, 179, 72, 'LUNCH'::meal_type, 14);
INSERT INTO menu_plan_items (id, "menuPlanId", "recipeId", "mealType", servings) VALUES (113, 186, 25, 'BREAKFAST'::meal_type, 13);
INSERT INTO menu_plan_items (id, "menuPlanId", "recipeId", "mealType", servings) VALUES (114, 187, 32, 'BREAKFAST'::meal_type, 13);
INSERT INTO menu_plan_items (id, "menuPlanId", "recipeId", "mealType", servings) VALUES (115, 190, 11, null, 0);
INSERT INTO menu_plan_items (id, "menuPlanId", "recipeId", "mealType", servings) VALUES (116, 191, 6, null, 0);
INSERT INTO menu_plan_items (id, "menuPlanId", "recipeId", "mealType", servings) VALUES (117, 192, 20, null, 0);
INSERT INTO menu_plan_items (id, "menuPlanId", "recipeId", "mealType", servings) VALUES (118, 104, 64, 'DINNER'::meal_type, 21);
INSERT INTO menu_plan_items (id, "menuPlanId", "recipeId", "mealType", servings) VALUES (119, 123, 53, 'DINNER'::meal_type, 20);
INSERT INTO menu_plan_items (id, "menuPlanId", "recipeId", "mealType", servings) VALUES (120, 124, 59, 'DINNER'::meal_type, 17);
INSERT INTO menu_plan_items (id, "menuPlanId", "recipeId", "mealType", servings) VALUES (121, 125, 51, 'DINNER'::meal_type, 5);
INSERT INTO menu_plan_items (id, "menuPlanId", "recipeId", "mealType", servings) VALUES (122, 126, 26, 'BREAKFAST'::meal_type, 20);
INSERT INTO menu_plan_items (id, "menuPlanId", "recipeId", "mealType", servings) VALUES (123, 127, 23, 'BREAKFAST'::meal_type, 17);
INSERT INTO menu_plan_items (id, "menuPlanId", "recipeId", "mealType", servings) VALUES (124, 106, 68, 'BREAKFAST'::meal_type, 18);
INSERT INTO menu_plan_items (id, "menuPlanId", "recipeId", "mealType", servings) VALUES (125, 85, 49, 'LUNCH'::meal_type, 28);
INSERT INTO menu_plan_items (id, "menuPlanId", "recipeId", "mealType", servings) VALUES (126, 96, 63, 'LUNCH'::meal_type, 3);
INSERT INTO menu_plan_items (id, "menuPlanId", "recipeId", "mealType", servings) VALUES (127, 99, 62, 'DINNER'::meal_type, 7);
INSERT INTO menu_plan_items (id, "menuPlanId", "recipeId", "mealType", servings) VALUES (128, 28, 20, 'LUNCH'::meal_type, 20);
INSERT INTO menu_plan_items (id, "menuPlanId", "recipeId", "mealType", servings) VALUES (129, 100, 34, 'BREAKFAST'::meal_type, 12);
INSERT INTO menu_plan_items (id, "menuPlanId", "recipeId", "mealType", servings) VALUES (130, 101, 26, 'BREAKFAST'::meal_type, 12);
INSERT INTO menu_plan_items (id, "menuPlanId", "recipeId", "mealType", servings) VALUES (131, 160, 74, 'LUNCH'::meal_type, 18);
INSERT INTO menu_plan_items (id, "menuPlanId", "recipeId", "mealType", servings) VALUES (132, 136, 60, 'BREAKFAST'::meal_type, 15);
INSERT INTO menu_plan_items (id, "menuPlanId", "recipeId", "mealType", servings) VALUES (133, 138, 26, 'BREAKFAST'::meal_type, 15);
INSERT INTO menu_plan_items (id, "menuPlanId", "recipeId", "mealType", servings) VALUES (134, 140, 71, 'LUNCH'::meal_type, 28);
INSERT INTO menu_plan_items (id, "menuPlanId", "recipeId", "mealType", servings) VALUES (135, 64, 26, 'BREAKFAST'::meal_type, 46);
INSERT INTO menu_plan_items (id, "menuPlanId", "recipeId", "mealType", servings) VALUES (136, 65, 2, 'LUNCH'::meal_type, 37);
INSERT INTO menu_plan_items (id, "menuPlanId", "recipeId", "mealType", servings) VALUES (137, 165, 26, 'BREAKFAST'::meal_type, 13);
INSERT INTO menu_plan_items (id, "menuPlanId", "recipeId", "mealType", servings) VALUES (138, 169, 58, 'LUNCH'::meal_type, 14);
INSERT INTO menu_plan_items (id, "menuPlanId", "recipeId", "mealType", servings) VALUES (139, 173, 56, 'DINNER'::meal_type, 14);
INSERT INTO menu_plan_items (id, "menuPlanId", "recipeId", "mealType", servings) VALUES (140, 174, 57, 'DINNER'::meal_type, 14);
INSERT INTO menu_plan_items (id, "menuPlanId", "recipeId", "mealType", servings) VALUES (141, 176, 23, 'BREAKFAST'::meal_type, 13);
INSERT INTO menu_plan_items (id, "menuPlanId", "recipeId", "mealType", servings) VALUES (142, 180, 20, 'LUNCH'::meal_type, 28);
INSERT INTO menu_plan_items (id, "menuPlanId", "recipeId", "mealType", servings) VALUES (143, 181, 49, 'LUNCH'::meal_type, 14);
INSERT INTO menu_plan_items (id, "menuPlanId", "recipeId", "mealType", servings) VALUES (144, 33, 26, 'BREAKFAST'::meal_type, 28);
INSERT INTO menu_plan_items (id, "menuPlanId", "recipeId", "mealType", servings) VALUES (145, 34, 28, 'LUNCH'::meal_type, 30);
INSERT INTO menu_plan_items (id, "menuPlanId", "recipeId", "mealType", servings) VALUES (146, 35, 27, 'LUNCH'::meal_type, 30);
INSERT INTO menu_plan_items (id, "menuPlanId", "recipeId", "mealType", servings) VALUES (147, 182, 48, 'DINNER'::meal_type, 14);
INSERT INTO menu_plan_items (id, "menuPlanId", "recipeId", "mealType", servings) VALUES (148, 183, 17, 'DINNER'::meal_type, 14);
INSERT INTO menu_plan_items (id, "menuPlanId", "recipeId", "mealType", servings) VALUES (149, 184, 53, 'DINNER'::meal_type, 14);
INSERT INTO menu_plan_items (id, "menuPlanId", "recipeId", "mealType", servings) VALUES (150, 185, 26, 'BREAKFAST'::meal_type, 13);
INSERT INTO menu_plan_items (id, "menuPlanId", "recipeId", "mealType", servings) VALUES (151, 188, 33, 'LUNCH'::meal_type, 14);
INSERT INTO menu_plan_items (id, "menuPlanId", "recipeId", "mealType", servings) VALUES (152, 151, 63, 'DINNER'::meal_type, 30);
INSERT INTO menu_plan_items (id, "menuPlanId", "recipeId", "mealType", servings) VALUES (153, 152, 73, 'BREAKFAST'::meal_type, 25);
INSERT INTO menu_plan_items (id, "menuPlanId", "recipeId", "mealType", servings) VALUES (154, 153, 25, 'BREAKFAST'::meal_type, 27);
INSERT INTO menu_plan_items (id, "menuPlanId", "recipeId", "mealType", servings) VALUES (155, 157, 62, 'DINNER'::meal_type, 13);
INSERT INTO menu_plan_items (id, "menuPlanId", "recipeId", "mealType", servings) VALUES (156, 189, 62, 'LUNCH'::meal_type, 14);
INSERT INTO menu_plan_items (id, "menuPlanId", "recipeId", "mealType", servings) VALUES (157, 41, 33, 'BREAKFAST'::meal_type, 30);
INSERT INTO menu_plan_items (id, "menuPlanId", "recipeId", "mealType", servings) VALUES (158, 53, 23, 'BREAKFAST'::meal_type, 39);
INSERT INTO menu_plan_items (id, "menuPlanId", "recipeId", "mealType", servings) VALUES (159, 55, 26, 'BREAKFAST'::meal_type, 39);
INSERT INTO menu_plan_items (id, "menuPlanId", "recipeId", "mealType", servings) VALUES (160, 56, 46, 'LUNCH'::meal_type, 44);
INSERT INTO menu_plan_items (id, "menuPlanId", "recipeId", "mealType", servings) VALUES (161, 121, 63, 'LUNCH'::meal_type, 20);
INSERT INTO menu_plan_items (id, "menuPlanId", "recipeId", "mealType", servings) VALUES (162, 122, 28, 'DINNER'::meal_type, 20);
INSERT INTO menu_plan_items (id, "menuPlanId", "recipeId", "mealType", servings) VALUES (163, 128, 60, 'BREAKFAST'::meal_type, 3);
INSERT INTO menu_plan_items (id, "menuPlanId", "recipeId", "mealType", servings) VALUES (164, 58, 49, 'LUNCH'::meal_type, 44);
INSERT INTO menu_plan_items (id, "menuPlanId", "recipeId", "mealType", servings) VALUES (165, 59, 50, 'DINNER'::meal_type, 45);
INSERT INTO menu_plan_items (id, "menuPlanId", "recipeId", "mealType", servings) VALUES (166, 63, 33, 'BREAKFAST'::meal_type, 46);
INSERT INTO menu_plan_items (id, "menuPlanId", "recipeId", "mealType", servings) VALUES (167, 111, 48, 'DINNER'::meal_type, 5);
INSERT INTO menu_plan_items (id, "menuPlanId", "recipeId", "mealType", servings) VALUES (168, 112, 69, 'DINNER'::meal_type, 17);
INSERT INTO menu_plan_items (id, "menuPlanId", "recipeId", "mealType", servings) VALUES (169, 113, 65, 'DINNER'::meal_type, 20);
INSERT INTO menu_plan_items (id, "menuPlanId", "recipeId", "mealType", servings) VALUES (170, 114, 18, 'DINNER'::meal_type, 17);
INSERT INTO menu_plan_items (id, "menuPlanId", "recipeId", "mealType", servings) VALUES (171, 115, 51, 'DINNER'::meal_type, 5);
INSERT INTO menu_plan_items (id, "menuPlanId", "recipeId", "mealType", servings) VALUES (172, 116, 60, 'BREAKFAST'::meal_type, 20);
INSERT INTO menu_plan_items (id, "menuPlanId", "recipeId", "mealType", servings) VALUES (173, 117, 33, 'BREAKFAST'::meal_type, 12);
INSERT INTO menu_plan_items (id, "menuPlanId", "recipeId", "mealType", servings) VALUES (174, 118, 62, 'BREAKFAST'::meal_type, 12);
INSERT INTO menu_plan_items (id, "menuPlanId", "recipeId", "mealType", servings) VALUES (175, 50, 24, 'DINNER'::meal_type, 19);
INSERT INTO menu_plan_items (id, "menuPlanId", "recipeId", "mealType", servings) VALUES (176, 119, 26, 'BREAKFAST'::meal_type, 20);
INSERT INTO menu_plan_items (id, "menuPlanId", "recipeId", "mealType", servings) VALUES (177, 120, 27, 'LUNCH'::meal_type, 17);

-- Reset sequences so future INSERTs use correct IDs
SELECT setval('units_id_seq', (SELECT MAX(id) FROM units));
SELECT setval('processing_types_id_seq', (SELECT MAX(id) FROM processing_types));
SELECT setval('ingredients_id_seq', (SELECT MAX(id) FROM ingredients));
SELECT setval('recipes_id_seq', (SELECT MAX(id) FROM recipes));
SELECT setval('recipe_ingredients_id_seq', (SELECT MAX(id) FROM recipe_ingredients));
SELECT setval('menu_plans_id_seq', (SELECT MAX(id) FROM menu_plans));
SELECT setval('menu_plan_items_id_seq', (SELECT MAX(id) FROM menu_plan_items));